Item_Identifier,Outlet_Identifier,Item_Outlet_Sales
FDW58,OUT049,1645.5638067506316
FDW14,OUT017,1415.6326753649932
NCN55,OUT010,929.0432076579449
FDQ58,OUT017,2483.257060612434
FDY38,OUT027,5907.05079527134
FDH56,OUT046,2025.7515498834875
FDL48,OUT018,527.1133275467107
FDC48,OUT027,2247.6205667662707
FDN33,OUT045,1486.5255305747044
FDA36,OUT017,3160.636766151746
FDT44,OUT017,1921.1719671921842
FDQ56,OUT045,1441.6826956829912
NCC54,OUT019,831.4696859273129
FDU11,OUT049,2126.686832265774
DRL59,OUT013,821.6044574974655
FDM24,OUT049,2490.7442235896833
FDI57,OUT045,3216.1473326909863
DRC12,OUT018,2810.717838644919
NCM42,OUT027,2644.9358205882722
FDA46,OUT010,491.67539524920943
FDA31,OUT013,2691.358367101239
NCJ31,OUT035,3803.900499632544
FDG52,OUT046,788.8676158179364
NCL19,OUT019,381.2364866836026
FDS10,OUT035,2789.2348091838285
FDX22,OUT010,547.2056158064264
NCF19,OUT035,905.8489149965872
NCE06,OUT046,2510.3310656739436
DRC27,OUT046,3716.8515632584767
FDE21,OUT035,1955.0192896369747
NCR42,OUT019,0.0
FDX51,OUT018,2843.771474606987
NCR06,OUT018,359.27106008318447
FDU31,OUT027,5330.691125381914
FDU59,OUT017,2660.264213553209
FDR03,OUT027,5463.418530484652
FDS49,OUT027,2260.142724559208
FDD48,OUT010,414.9394509067655
NCF18,OUT017,3122.8795896392285
NCD43,OUT027,2597.5774408600437
NCD54,OUT018,1717.7702538136457
FDY19,OUT010,409.736767055402
NCY54,OUT017,2968.9498561410032
NCL19,OUT018,2216.614224400523
FDP23,OUT010,525.5323207008051
FDC26,OUT013,1855.9931879798828
FDR14,OUT010,61.70949604234031
NCS41,OUT035,3189.9481776249672
FDF41,OUT035,3991.820467665582
FDU34,OUT046,2095.0352959730208
DRH11,OUT046,952.251188441652
FDM03,OUT013,1656.2506993411298
FDS31,OUT017,2807.4236614330403
FDJ20,OUT017,2040.5078853663204
FDV44,OUT027,5134.10377150985
FDG02,OUT049,3166.2837100751613
FDA09,OUT013,2893.372122244452
FDT04,OUT013,659.4207693422638
FDL58,OUT019,820.7738718319144
FDE52,OUT045,1420.9235171345304
FDW12,OUT035,2535.763964159624
FDL51,OUT017,3504.2354222689373
NCY42,OUT027,3428.438092920405
FDR07,OUT017,1455.8997964524572
FDN40,OUT045,2369.8496975187027
FDB35,OUT027,2507.455653018968
FDA22,OUT017,2654.7031084645055
NCL06,OUT046,3816.5635987756796
FDI35,OUT013,2970.7991178328093
NCW42,OUT045,3626.1031229750233
NCX06,OUT049,3031.5157470387862
FDC37,OUT027,2750.244988798172
FDZ14,OUT018,1804.5944042602366
DRG49,OUT049,3907.227575149997
NCG06,OUT045,3764.304418335808
DRC36,OUT045,2818.4494028859685
FDV21,OUT019,305.89149376634765
FDB53,OUT046,2450.890789066779
DRP47,OUT019,847.1185241843809
FDA14,OUT013,2455.370342389852
DRC24,OUT035,2515.165765512952
FDW21,OUT018,1450.2964267969296
NCH29,OUT046,1530.3511650003825
FDU58,OUT013,3159.5330571870186
FDY27,OUT017,2883.9480571312765
FDV56,OUT035,1867.7888482572835
FDT59,OUT046,3783.1495511556664
FDB23,OUT046,3698.806889337146
FDR49,OUT045,707.8167543330393
FDB03,OUT010,711.6984457573819
FDN39,OUT045,2715.143322562441
FDX02,OUT027,5576.280382267766
FDQ16,OUT027,2795.913832813519
FDU35,OUT018,1320.1832029971663
NCT29,OUT013,2029.7077468396105
FDZ27,OUT046,757.5423301795506
FDN57,OUT017,2114.3562959641044
FDA03,OUT018,2184.009712595218
FDZ36,OUT045,3069.0564665844445
NCU05,OUT013,1274.96347066487
FDT39,OUT018,2280.8353590189417
FDK60,OUT017,1540.1326853809342
FDZ25,OUT017,2787.246896506933
FDG12,OUT046,2077.0896504968764
DRB01,OUT019,423.23452258753935
NCC43,OUT027,5928.208752508153
FDX13,OUT019,847.1185241843809
FDM22,OUT049,878.3122893207936
FDJ03,OUT027,1468.2600852801302
FDU14,OUT018,3743.1844390566275
FDB33,OUT010,351.18042769429053
FDP27,OUT046,3139.065362416325
FDO38,OUT010,260.8184003439689
FDE28,OUT027,5764.840469973189
FDO27,OUT035,1561.3709953232135
DRL23,OUT027,2636.004257496192
FDS28,OUT046,809.3555156252677
FDX24,OUT013,1529.2369142718505
FDZ02,OUT035,1611.943480054556
FDL46,OUT045,1618.0104788506396
FDS60,OUT027,4858.45949374661
NCO06,OUT017,607.0916792358299
FDO16,OUT035,1566.0546047839007
FDC60,OUT049,1385.2164659939815
FDA48,OUT018,3278.6928414360227
FDZ36,OUT027,5159.770691370133
FDK27,OUT045,1964.1785868640118
FDW23,OUT018,439.5263987747219
FDM14,OUT018,1589.0232371350721
FDM14,OUT013,1687.8482713645217
FDW60,OUT018,2673.737836983409
FDE21,OUT013,1880.3664857519868
NCM42,OUT035,1741.1877208549856
FDY59,OUT010,369.17953210201466
DRI49,OUT049,1294.4941463631367
FDT28,OUT019,300.9999345200139
FDQ22,OUT018,445.00438557144
FDR60,OUT049,1289.165353734026
FDC50,OUT019,386.2961747231498
FDV24,OUT013,2432.6925946800134
DRF48,OUT010,525.4081353468349
FDQ47,OUT046,692.5850402174061
DRN36,OUT049,1548.3190226798104
NCY06,OUT035,2053.835877568684
FDE52,OUT035,1539.2739196942848
NCB54,OUT045,2035.7861801525135
NCF31,OUT035,2364.379882904255
FDJ08,OUT027,5004.2373542562145
NCC07,OUT017,1620.2524582009924
NCD19,OUT027,1793.75020825966
FDL46,OUT049,1906.0942213374963
FDM20,OUT045,3830.71120890543
NCI06,OUT010,425.6813242494344
DRM11,OUT035,4160.283465937749
NCH07,OUT018,2331.066135273871
FDS23,OUT013,2096.95023024652
FDO49,OUT018,539.0344841763105
FDS35,OUT049,1130.3732989083599
DRK39,OUT045,1280.6161810703966
DRI39,OUT049,1008.1991077980772
FDV04,OUT017,2568.8651006399296
NCN14,OUT035,3172.712912297516
FDH08,OUT013,3678.4388583664936
FDS20,OUT046,3118.5120444487507
FDV40,OUT049,1169.9984870955332
FDZ48,OUT010,356.88431076617843
FDS24,OUT027,2343.2348158558175
FDK44,OUT049,2880.70945326748
FDS48,OUT045,2442.1888131039404
FDK26,OUT010,484.96778904020954
FDD23,OUT045,3077.741419471366
NCH54,OUT017,2797.926912276216
NCP14,OUT010,355.24094808822133
FDM60,OUT010,0.0
FDV24,OUT017,2468.273134089215
FDH08,OUT018,3365.4350329223225
FDS12,OUT027,3332.543447922724
FDR39,OUT027,4962.083604101387
FDP12,OUT027,1256.6176023591559
DRF60,OUT027,5899.956970430271
FDC09,OUT035,1675.0295567082294
FDF50,OUT018,2874.6221443674517
FDG28,OUT035,3836.192026493743
NCE19,OUT017,922.3391881000945
NCM53,OUT010,350.03826423685786
NCN18,OUT049,2078.3006718313504
FDF32,OUT035,3316.401961825067
FDF11,OUT013,3924.3924118771533
DRI59,OUT049,3677.957571070172
NCG54,OUT035,2911.610614655218
FDM44,OUT046,1703.380414230157
FDT57,OUT018,3585.5739260665573
FDV24,OUT046,2432.6925946800134
FDI50,OUT019,730.810513003791
FDS09,OUT035,802.247457473129
NCC31,OUT027,3686.6255711000563
FDQ07,OUT019,484.3899187207004
FDC22,OUT017,3160.7819524403544
FDZ56,OUT046,2913.746390847331
FDZ40,OUT019,63.29404492893323
FDS46,OUT027,3004.5812341238434
DRD24,OUT045,2091.18300239686
FDV45,OUT017,3152.4855151219926
FDL26,OUT045,2383.792312153883
FDA56,OUT018,1978.1176904656252
FDN27,OUT046,1605.5174256268913
FDM20,OUT049,3933.1039404891994
FDO16,OUT017,1573.4118691254077
FDL03,OUT035,3228.9831772206417
FDE58,OUT046,1830.2970672834556
FDI02,OUT027,3023.557224373928
NCC55,OUT019,38.331065918157606
FDR03,OUT018,3131.3070671358996
FDB14,OUT017,1509.8427761468936
FDR45,OUT013,3970.0952039058925
NCN07,OUT017,2083.204433337089
FDM51,OUT019,371.5648965770047
FDT52,OUT027,5887.511951988597
FDL26,OUT046,2463.4512739614684
NCZ42,OUT046,4033.7671343908632
DRI47,OUT019,431.4622383523076
FDW40,OUT013,2127.0304493572985
FDN34,OUT046,2956.4594394347846
FDS01,OUT035,2905.8738477583056
NCG55,OUT045,1971.8302097552546
FDC11,OUT035,1410.2980432237248
FDX35,OUT018,3135.3964020759017
NCB06,OUT046,2454.012068397899
FDR09,OUT019,1022.4000931497867
FDC53,OUT017,1542.1125889602597
FDY45,OUT013,4178.203786364218
FDA22,OUT010,461.5931837582872
FDE02,OUT035,1590.2701849489347
FDW21,OUT045,1653.006000052976
FDV34,OUT046,1227.826169159624
FDS59,OUT049,1668.2733891884513
NCW17,OUT017,2216.9394289277257
NCK54,OUT046,1910.291715922619
FDG17,OUT019,802.140408666836
FDG35,OUT017,2780.048086995318
FDD08,OUT010,0.0
NCO07,OUT017,3504.4842055173763
FDJ10,OUT010,324.4317876434796
FDW36,OUT017,1686.6081652296768
FDW21,OUT010,409.0600315596503
FDY19,OUT017,1882.2259265311916
DRE03,OUT013,785.822660960859
NCC55,OUT049,806.193264557144
FDH52,OUT010,88.45630462503306
FDO09,OUT017,4424.6130997598575
FDU43,OUT045,3790.4768364277097
FDX09,OUT010,443.9056850608203
FDH40,OUT019,243.9477112449759
FDW58,OUT017,1676.7842409968237
FDC47,OUT017,3853.5169598765037
NCR41,OUT035,1557.2095985634965
DRG49,OUT035,3973.5563458895085
FDC52,OUT027,3770.6011293442516
FDY13,OUT046,1175.1653376537938
FDY35,OUT013,764.1402690069511
FDI35,OUT017,3219.087115300426
NCU18,OUT049,2193.457817870281
FDY33,OUT018,2422.3122192271458
FDC15,OUT027,4027.9433805833523
FDU01,OUT049,3192.985228988206
NCU42,OUT046,2723.350939810744
NCV29,OUT018,2636.299821444509
NCY30,OUT017,3026.7282623050114
FDQ46,OUT049,1898.2755319996156
FDG58,OUT027,3858.4534588126403
FDK33,OUT017,3554.7334622103835
NCD07,OUT045,1783.9975459937173
NCX29,OUT027,3748.960582332625
NCT42,OUT013,2436.784082387249
DRN59,OUT035,828.5115912727262
FDI44,OUT035,1340.1103348233573
FDA45,OUT049,2675.1329868254647
FDP31,OUT045,676.9812781116192
FDY01,OUT046,1888.6931786789494
FDT09,OUT018,1793.890829313001
DRH03,OUT027,2543.1088752951514
FDA36,OUT018,2849.3623914515447
NCF31,OUT017,2325.3076184284687
FDG14,OUT049,2479.7034315582446
FDG28,OUT027,5794.738439400314
FDU14,OUT049,3973.287921142795
FDY47,OUT019,302.02994158437
FDI56,OUT049,1592.0584064965756
DRD01,OUT013,902.5908423660096
FDM22,OUT046,945.8440225966963
FDH33,OUT013,717.8850881619205
DRZ24,OUT013,1862.9136800731433
NCQ38,OUT046,1663.8958619771747
FDO16,OUT027,2385.2115182899424
FDU07,OUT027,3594.1482471639174
NCB07,OUT013,2967.461336614753
FDU48,OUT045,2011.8684151834702
NCM43,OUT045,2534.896911529992
FDR31,OUT010,424.4010323040795
DRK49,OUT018,428.3907400712672
NCI30,OUT010,699.4191298592565
DRD60,OUT017,2951.1915058900818
NCG19,OUT046,3885.5015878692566
FDH12,OUT035,1762.3660665559455
FDM32,OUT035,1557.2095985634965
FDM27,OUT035,2501.474695650882
NCU53,OUT027,4107.655427699782
NCQ18,OUT046,1656.0530073957566
FDS10,OUT013,2750.5433684316604
FDB33,OUT027,4110.178307865716
FDI12,OUT013,1387.0627321064314
NCW42,OUT013,3677.133594231525
NCC06,OUT018,1716.903337502041
FDW02,OUT017,2186.884633831533
NCD43,OUT017,1661.5084795037371
FDM57,OUT018,1042.1909743393114
FDA58,OUT017,3902.3382930479142
FDK56,OUT046,3324.5165791592917
FDP52,OUT045,3808.5382595323736
FDW20,OUT018,1770.3742982013725
FDS52,OUT049,1666.1734817295464
NCT29,OUT018,1674.9212629957337
NCL54,OUT013,2962.9146802446903
FDC05,OUT045,3057.1809694371673
FDF34,OUT035,3404.4117772208397
FDP03,OUT027,3200.389386702855
FDD32,OUT010,250.4313445206742
FDZ10,OUT045,1991.6298165624453
FDZ40,OUT035,1007.6211803760816
FDD51,OUT018,417.71666440112716
NCY30,OUT019,522.7921549100837
FDP58,OUT017,3550.348564304447
FDV49,OUT017,4124.795756102629
FDY24,OUT019,21.33767839507766
NCO55,OUT017,1809.67435842664
FDR13,OUT017,1904.315459402626
FDS51,OUT017,1019.3887813987271
FDP26,OUT045,1599.1561258749612
NCB54,OUT027,3384.347042672256
FDF32,OUT017,3150.875913149181
FDN31,OUT018,2681.093539564523
DRM48,OUT017,704.091790785115
FDN20,OUT049,2725.2424332548626
DRL01,OUT046,3890.143764317592
FDV56,OUT049,1802.6084804843122
DRH13,OUT027,2636.004257496192
FDA03,OUT017,2473.3302965169673
FDF47,OUT027,5576.280382267766
FDX32,OUT046,2462.059710972254
FDX57,OUT049,1532.4142955247914
NCA30,OUT045,2971.3610620313884
FDO49,OUT013,792.7745286888603
FDL04,OUT019,347.5629810223164
DRM48,OUT035,743.1640552609008
FDR16,OUT013,4071.9678578175935
NCC19,OUT018,2855.0542573307043
NCE42,OUT045,3613.683493146297
FDY24,OUT017,1005.8897131861036
FDH19,OUT049,2865.8520725055923
FDJ46,OUT013,2837.8943604587002
FDN45,OUT010,598.4196505820283
FDY08,OUT035,1955.0568353621798
FDZ37,OUT035,1525.9074439609676
NCT30,OUT045,597.5083409397023
DRY23,OUT018,422.4451572596259
NCZ30,OUT018,1825.9607986489737
FDC44,OUT018,1627.9849470453848
FDB45,OUT035,1516.0959672986382
FDY04,OUT013,2610.812009452532
FDM27,OUT046,2656.170394040064
FDZ43,OUT017,3869.7850780701697
FDT39,OUT019,485.5410402910998
NCC06,OUT019,199.0044923318148
FDL15,OUT027,3871.8469587243067
FDL57,OUT017,4152.2504554011375
FDU08,OUT046,1484.4003013332144
FDK40,OUT017,4028.2783517713606
FDQ12,OUT010,687.7103087082301
FDS48,OUT017,2489.3211628220997
FDP09,OUT045,3380.865813612892
FDW21,OUT049,1662.43618350864
FDY25,OUT035,3024.4002380848638
DRE13,OUT017,1405.3837405483434
FDV43,OUT019,0.0
FDD22,OUT045,1755.4355294733757
FDM46,OUT019,386.2961747231498
NCO30,OUT010,482.4697158139397
FDM25,OUT046,2858.3714033066904
NCN41,OUT049,2068.9149644069075
FDU24,OUT045,1469.9118850745315
FDZ50,OUT046,3123.3491356376967
FDP45,OUT013,4108.4440998184855
NCM54,OUT045,2052.508423983134
FDW10,OUT019,309.5423762428826
FDP20,OUT017,2085.5955698327275
FDK32,OUT046,2465.630188668969
FDN52,OUT049,1378.327999638735
FDM58,OUT045,1798.8328818519242
FDZ46,OUT027,2803.441425572229
NCA18,OUT018,1662.199747689462
FDD35,OUT046,2060.128267925201
NCK31,OUT035,907.0822668891759
FDI40,OUT027,2615.897273650566
FDT50,OUT019,392.9855433055519
NCT06,OUT046,2515.846951541193
FDT31,OUT035,3077.473593934385
FDT45,OUT049,855.274600899857
FDT13,OUT045,3095.8624745068696
FDO50,OUT045,1376.4985537074429
NCU18,OUT010,408.77300810486645
NCR54,OUT049,3329.6416681943715
NCO18,OUT018,2673.3685602857845
FDU09,OUT045,828.0042409289379
FDT13,OUT018,2865.728333000844
FDE09,OUT046,1821.170330211682
NCK53,OUT019,361.3050502978875
FDG45,OUT049,3629.6907975898616
DRH15,OUT035,749.1924745220663
FDO21,OUT019,663.5363108210729
FDD14,OUT027,5127.9626192698615
FDC09,OUT046,1600.3767528232415
FDH45,OUT027,1220.1601631725985
FDV32,OUT046,1051.4773247607736
FDG12,OUT035,1964.6206562374384
FDS32,OUT013,2089.4961410951546
NCL55,OUT018,3976.109358395439
DRE01,OUT035,3868.4567339836362
DRE15,OUT049,1293.844675317901
NCL42,OUT045,3984.866851864733
FDP31,OUT013,876.9379293158497
FDN33,OUT018,1301.522782963139
FDZ59,OUT046,2646.9051855920447
FDE45,OUT010,524.8116245290921
FDJ07,OUT013,1786.5854669706257
FDQ45,OUT018,2894.799241902813
FDM33,OUT027,5492.483465480354
FDO15,OUT010,198.65026892969806
FDM46,OUT013,1546.3987761144397
FDR03,OUT045,3394.152619546503
FDY49,OUT018,2463.7898448661877
FDQ60,OUT045,1875.9666003885693
FDW10,OUT049,2645.029458953457
FDO51,OUT049,718.1541243434848
FDJ40,OUT018,1414.0012430063468
FDS20,OUT018,2837.3474316862234
FDU45,OUT013,1917.837249384882
FDV02,OUT035,2789.0839193821785
FDN09,OUT046,3842.0066016226947
NCM55,OUT027,5306.623299602089
FDN23,OUT018,2202.2555642500406
FDY31,OUT010,417.7116637216774
FDW03,OUT010,376.9142431938425
FDD14,OUT046,3115.5934378564825
FDV23,OUT017,2109.6820885563448
DRI03,OUT045,2798.2773380287026
FDN13,OUT035,1594.7084617546066
FDF45,OUT027,1771.2209722076548
FDU46,OUT035,1456.0693331560947
FDB57,OUT049,3733.4676226981715
FDV12,OUT049,1651.396059616439
FDQ58,OUT013,2447.6765212032324
NCA18,OUT017,1951.5203316112124
FDH52,OUT049,1023.5512987100192
FDM24,OUT018,2185.6419187498677
NCP43,OUT027,4807.775844979163
NCO18,OUT019,398.14738561155264
FDM32,OUT017,1454.1650396244902
NCL07,OUT017,730.7466406722722
FDK03,OUT013,4102.391736387346
FDP59,OUT017,1448.7450413784863
FDQ24,OUT049,4201.911609159874
FDQ16,OUT018,1522.6990591422154
FDU44,OUT013,2596.7147691779064
FDH28,OUT010,0.0
FDV28,OUT019,0.0
FDM22,OUT045,871.3650288714372
FDR56,OUT046,3401.487501384142
FDV39,OUT049,3233.5594586947063
FDU37,OUT019,326.96264126997266
FDQ11,OUT010,702.4018039557894
FDX02,OUT045,3652.6191612209113
NCS42,OUT018,1251.2191949304436
FDY57,OUT027,2533.560354093287
FDB21,OUT049,3934.7336594661533
FDE28,OUT017,3742.2234151744133
FDQ55,OUT017,2103.1688259664243
FDA48,OUT049,3727.3574552730693
FDZ19,OUT045,2784.657804820799
NCC43,OUT045,3445.3630720180167
NCV18,OUT046,1521.004887357266
NCA42,OUT018,2348.7647466307576
FDY45,OUT046,4025.981315901705
NCC30,OUT045,2749.3347212628782
FDM57,OUT013,1368.4539502211771
FDL09,OUT010,409.9478151586875
FDB09,OUT027,3161.446536262404
FDT44,OUT035,1960.2442316679703
NCT06,OUT027,4006.389959345892
FDX26,OUT049,3133.034717269215
FDK32,OUT013,2465.630188668969
DRA12,OUT046,2145.08981485163
FDO46,OUT010,499.9517155634287
FDE52,OUT013,1380.0521359557915
NCH42,OUT045,3768.492900942618
FDV08,OUT035,551.4298602131362
FDB47,OUT018,3166.2950314106356
FDC28,OUT010,246.60861730846725
FDD22,OUT046,1859.3184570191015
FDS07,OUT027,2872.9807075327963
DRI13,OUT045,3472.770737320717
FDG32,OUT018,3377.639127169682
FDU14,OUT017,3985.1606377563403
FDD28,OUT019,0.0
NCP41,OUT017,1673.4684138885996
FDS08,OUT049,2735.0503899974638
FDX47,OUT045,2547.271249653222
FDC53,OUT019,364.4765509162975
FDQ19,OUT035,3999.045215762141
FDL14,OUT045,2392.4429797131493
FDM33,OUT019,643.8110212442074
FDA51,OUT045,1830.226606529859
FDZ27,OUT018,503.8022856670009
FDT04,OUT046,659.4207693422638
DRC13,OUT049,2095.4165961188464
FDR16,OUT027,5763.327952122314
FDQ03,OUT027,5906.646339012674
FDE38,OUT035,2819.713245293962
DRH23,OUT027,1688.4080817966183
FDT11,OUT019,498.3647638316115
FDD09,OUT035,2975.0539558919527
FDR40,OUT045,1275.233405280627
FDX07,OUT017,3131.0235031584693
FDR07,OUT035,1538.0102881100347
FDA51,OUT017,1916.837617195563
FDT59,OUT019,677.0774429784547
FDF20,OUT017,3154.9674008564166
FDR13,OUT045,1817.704448736922
FDY26,OUT049,3520.349489127653
FDW04,OUT017,2100.188975241616
FDK52,OUT017,3841.3301867266478
FDN60,OUT049,2615.331913901505
FDM09,OUT019,327.7050217570686
FDP46,OUT049,1359.3349953243605
FDB50,OUT019,249.07076856738274
NCQ29,OUT049,3919.018714109942
FDP16,OUT027,6211.259723890294
FDX33,OUT018,2374.7906598345944
FDP07,OUT010,497.2794050419045
FDN22,OUT046,4006.4199718998575
FDF39,OUT049,4680.987799488626
FDS21,OUT017,987.3052796039436
NCM42,OUT013,1663.209647930779
FDK50,OUT019,292.4461046135668
DRF13,OUT027,3763.9117607618496
FDH35,OUT018,2349.2246016661375
FDP60,OUT018,1301.0539011192177
DRJ49,OUT027,3378.933784525511
NCT42,OUT019,420.04878952580367
FDE38,OUT049,2796.422701736242
FDI04,OUT049,3121.0580570264833
NCH54,OUT045,2613.322780006742
FDT56,OUT049,1056.7043045582222
DRD15,OUT018,3483.5082857369316
FDV58,OUT013,2911.2623369772505
FDP21,OUT049,3164.041515565483
FDH05,OUT013,3821.744926236975
FDR10,OUT027,3993.70585089201
NCP06,OUT045,2144.9001883681594
FDF33,OUT049,1689.3367688967262
DRK37,OUT013,3256.4121504947134
DRH49,OUT045,1241.0092155914278
FDT58,OUT013,2689.7924920634487
FDD41,OUT018,1407.9371407966805
FDP40,OUT018,1461.8501883227998
FDM51,OUT027,2670.1997103947506
FDO45,OUT010,337.2146316111814
FDW33,OUT010,355.24094808822133
FDY24,OUT045,966.408417409427
FDB10,OUT010,57.955442239356394
FDM40,OUT035,2187.5653891349034
NCI06,OUT017,2831.716193691841
FDW12,OUT019,428.54855758517664
FDX48,OUT027,3888.9695282014945
NCW05,OUT027,2629.9518940650532
FDX27,OUT017,1457.8727505165073
DRM37,OUT045,3136.8317999189812
FDA38,OUT045,3638.5008885544003
FDR36,OUT046,690.9615453345754
FDZ45,OUT046,3243.113551255394
FDG05,OUT017,2617.978346706881
FDK28,OUT013,4715.1518149745425
FDV47,OUT045,1303.2144267249996
FDN21,OUT045,2555.2342275941287
FDP20,OUT027,3315.2009055801177
FDI35,OUT045,3132.4761046347226
DRY23,OUT013,649.546813035615
FDA56,OUT017,2224.030919960861
FDB09,OUT013,2025.2104918845016
NCO26,OUT027,2998.2933345674496
FDQ49,OUT018,2191.1865355076466
FDI52,OUT027,3197.1368444005016
FDZ44,OUT027,3047.38392518038
FDZ09,OUT018,2337.3857923815794
FDY03,OUT049,1861.0686059065604
NCG42,OUT017,2117.022918606639
DRI13,OUT027,5473.342807402423
FDQ32,OUT013,2051.652627258739
FDW16,OUT035,1636.3212643874347
FDU27,OUT046,740.7670187200965
FDR28,OUT010,187.22757358360934
FDQ49,OUT010,292.5794518042196
FDS37,OUT046,1945.5048876625085
FDW26,OUT018,3244.479150910867
FDX12,OUT018,3528.943099954867
NCP06,OUT013,2341.5315705331705
FDW45,OUT010,397.8786531863231
NCN30,OUT049,1405.653546478902
FDN24,OUT049,853.3137251759537
NCL41,OUT027,1228.4547211134152
FDR02,OUT019,376.28897682110653
FDD09,OUT010,486.6634977216729
FDS33,OUT010,378.28024429054216
FDU22,OUT045,1852.3231003149272
FDI53,OUT013,2630.6131572330696
DRH01,OUT049,2793.694059381734
FDX32,OUT013,2154.092127446965
NCP30,OUT018,431.80539243096956
FDB60,OUT045,3114.314314112741
FDB14,OUT049,1533.9314226661681
NCP02,OUT035,1030.4744700233546
FDJ10,OUT017,2052.6878569376613
FDG34,OUT046,1885.1766744109
NCB18,OUT017,1425.9705313990405
FDM16,OUT049,1361.8537764650862
FDW25,OUT018,1115.2226188285076
FDB35,OUT010,410.82837243943345
DRN11,OUT013,2141.3386566548975
FDF41,OUT019,704.4634373312003
FDH16,OUT045,1451.1902222212473
NCQ50,OUT018,3182.0447533489105
DRH23,OUT018,657.3561135725139
DRJ37,OUT013,2520.5087443003745
DRJ24,OUT027,5127.9626192698615
FDY16,OUT035,3373.5219924289368
FDQ27,OUT045,1619.6404584030774
FDZ33,OUT045,2398.2757689236846
FDF29,OUT045,2029.7535078049698
FDA08,OUT049,2574.5840912959866
FDG31,OUT046,1087.117781107118
FDE34,OUT019,743.6279961045744
NCR30,OUT027,1976.9023065615347
FDV33,OUT035,4110.540159077867
DRZ24,OUT018,1742.3787092627188
NCL54,OUT035,3037.567484129678
FDR12,OUT049,2845.798700925522
NCC54,OUT046,4016.2275534261953
DRN59,OUT013,797.9872343742638
FDX50,OUT019,368.15109682720805
FDV31,OUT027,4706.108458071004
NCA29,OUT027,4618.406892294578
FDW60,OUT049,2923.973083695047
FDX08,OUT017,3074.280363024556
DRD49,OUT013,3883.3713991388854
FDD33,OUT046,3862.9534438844353
FDW35,OUT013,701.0156984513559
FDJ36,OUT017,1710.0197776426999
FDV51,OUT035,2788.81859372054
FDW36,OUT046,1651.0276258204751
FDH35,OUT046,2602.964646178685
NCS30,OUT027,3390.606579385944
FDN49,OUT017,694.5993260194126
FDL08,OUT018,3460.863414000173
FDI09,OUT013,3815.0007989779874
FDP19,OUT018,1835.6279176575176
FDU21,OUT010,0.0
NCP41,OUT045,1594.1902758046313
FDY10,OUT013,1759.3585958765127
FDP12,OUT018,432.26420770962204
NCN26,OUT049,1889.312940440926
FDK44,OUT013,2857.001630471824
FDC28,OUT049,1558.416042618045
FDJ41,OUT027,6084.638705921476
NCT29,OUT035,2104.3605507245984
NCH42,OUT019,724.121144421389
FDU60,OUT018,2439.5000080058417
FDS02,OUT045,3057.557296274478
FDC51,OUT046,2107.67013645601
FDU03,OUT013,3139.346446812435
FDX39,OUT045,3585.908756827744
NCY05,OUT010,0.0
NCL06,OUT027,5819.723662392316
FDD32,OUT035,1377.3157727946138
NCN41,OUT045,2001.5095429364865
NCX53,OUT049,2158.214076622235
FDU57,OUT019,437.44586001607854
FDQ23,OUT046,1663.209647930779
FDQ52,OUT045,4036.1847396828502
FDC14,OUT045,646.4869478067683
FDY09,OUT035,2885.5899279462706
FDQ28,OUT045,2287.6344828035562
FDV25,OUT046,3889.797317426995
FDJ07,OUT035,1960.6261107912462
DRB25,OUT049,1701.2416753158957
FDK52,OUT019,597.8740107382488
FDY52,OUT027,1823.5479895085464
FDB28,OUT046,2999.5968408596277
FDT36,OUT035,746.9675171428901
FDV25,OUT017,3944.7255744688437
NCN07,OUT027,3283.806070132762
FDC57,OUT017,3142.351363877421
FDQ03,OUT018,3561.636795205837
FDU23,OUT017,2755.7148085111744
NCX41,OUT035,3587.1872264011763
NCD06,OUT035,771.024998895401
FDW08,OUT045,1558.43571480929
NCU29,OUT017,2456.86522702481
NCE06,OUT013,2533.9333274976393
FDV52,OUT010,391.36564412645663
FDB02,OUT017,2908.191362776981
NCR18,OUT045,741.2471693139979
FDK16,OUT049,1721.3074778183527
NCQ29,OUT010,713.3880599153844
FDZ01,OUT019,397.74731887783236
FDW27,OUT035,2642.9059907995534
FDD17,OUT018,3671.068527781442
FDW39,OUT013,2903.3866112239966
DRH59,OUT045,1098.6368860469327
FDS52,OUT013,1685.5038861156813
FDU40,OUT027,5379.339086436193
NCF54,OUT013,2980.031287664447
FDH46,OUT045,1622.1938142958977
NCP14,OUT049,1675.2588132424353
FDH50,OUT049,3192.822280007065
DRF15,OUT010,398.8589011180412
FDV27,OUT027,2406.5391724822216
NCJ06,OUT049,2057.5927464048646
FDN02,OUT018,3110.998165345594
FDQ51,OUT049,810.2924457004854
FDQ07,OUT017,3704.418972791374
FDS45,OUT049,1773.2489693648197
NCJ06,OUT045,1897.0390453414536
FDD36,OUT035,1960.1871448342795
FDY25,OUT045,3111.424421001789
FDU52,OUT046,2437.493814275377
DRK47,OUT017,3852.376817216401
NCL30,OUT017,2022.6981335771948
FDN22,OUT035,4081.0727757848454
NCF30,OUT027,3284.6386348236542
FDK03,OUT035,4180.369809311554
FDT45,OUT017,927.6054785344685
NCC54,OUT027,6047.296581487381
FDP08,OUT018,2783.849034980592
FDU44,OUT046,2637.248036705204
DRG39,OUT035,1013.5505402227074
FDU32,OUT049,2088.7272275364444
FDY27,OUT049,2984.2919102843953
NCP54,OUT013,2118.9867759365743
NCZ41,OUT049,2053.538730022294
DRL49,OUT013,2162.9349017301984
FDI05,OUT018,1033.8071944743954
FDY56,OUT045,4050.403888525628
DRC13,OUT013,2071.70877332319
NCV29,OUT017,2940.869657551116
FDR24,OUT049,1443.303675407254
FDZ34,OUT018,3032.2581845445943
FDP37,OUT035,2241.55310222762
FDX08,OUT027,4814.573619168103
FDS57,OUT045,2117.9833397943853
NCG18,OUT049,1782.5071798800948
FDK25,OUT018,2476.4424004247717
FDH53,OUT049,1271.1457913736358
DRI59,OUT018,3360.693106727981
FDA52,OUT046,2843.962193546295
FDT20,OUT010,0.0
FDE36,OUT019,309.2702501906196
FDI24,OUT017,2867.9435464472836
FDB28,OUT018,3539.008856314386
FDV11,OUT017,2876.593790753589
FDP01,OUT046,2424.8763813956302
FDD34,OUT027,4296.946170800486
FDJ50,OUT027,1524.0550251025752
FDZ44,OUT013,1910.0433949621704
DRO59,OUT035,1248.3641715235078
DRB48,OUT045,645.1225544914529
FDR21,OUT018,2564.4887155820893
NCE42,OUT010,663.3490998161768
FDO23,OUT046,1484.1865136554625
NCE30,OUT018,3210.7158769519347
FDQ22,OUT035,773.3972339689775
FDY01,OUT045,1844.9955800041828
FDS08,OUT017,2784.998004013263
FDG28,OUT018,3432.761443105361
FDQ51,OUT018,551.999646815644
FDB05,OUT017,4093.9653642547705
FDO56,OUT049,2006.4211454973527
FDE02,OUT018,1300.3097855433741
FDN45,OUT017,3712.7141336407267
FDS09,OUT013,713.3342978669511
NCA54,OUT018,2780.3900136988545
FDP09,OUT010,467.19758351880347
FDC53,OUT045,1526.1270770808926
NCM55,OUT017,3365.007650886432
FDL09,OUT018,2393.1823415037006
FDA11,OUT019,386.2961747231498
FDA50,OUT045,1429.5784093546797
FDC23,OUT017,2951.1663684713917
FDE22,OUT049,2615.320175122978
FDD23,OUT046,3128.7718907278677
NCA29,OUT049,2858.880630624535
FDK38,OUT046,2485.7303822185304
DRC13,OUT046,2071.70877332319
NCP43,OUT049,2870.0354818663227
FDX28,OUT049,1493.10793202155
FDF08,OUT049,1400.6724049567226
FDZ33,OUT046,2449.3062401801863
FDD10,OUT049,2726.876379267993
FDO58,OUT017,2662.5234754124563
FDI50,OUT017,3908.6470821395264
FDO58,OUT045,2583.245337328489
FDX08,OUT013,2862.7935288102926
NCK17,OUT010,0.0
FDF39,OUT035,4603.304374799061
FDU45,OUT010,374.84046540961015
NCJ18,OUT018,1666.9458287556204
DRC27,OUT019,468.41056582932003
DRC25,OUT035,1477.474980324017
FDU59,OUT035,2667.734773593778
FDU28,OUT035,3109.6892251445556
NCP30,OUT046,602.1258951984578
FDB39,OUT018,729.0129231824699
FDE41,OUT013,1353.2557835277632
DRH11,OUT010,67.03828867145108
FDA58,OUT045,3815.727282382211
FDU50,OUT046,1864.6434322861885
FDM34,OUT013,2139.983927889568
FDM44,OUT027,2679.042484677984
FDR39,OUT045,3050.0345390258576
FDM25,OUT045,2807.3409320501887
FDQ49,OUT049,2458.0535886971365
DRH25,OUT018,613.7194660489334
FDM09,OUT027,4460.935507507997
FDL44,OUT019,335.65550173590645
NCR42,OUT018,416.35815859518067
DRL59,OUT046,830.5360205895454
FDX43,OUT013,2173.9328509746133
DRK47,OUT010,710.7241696299869
FDU48,OUT018,1801.8259693456903
FDY12,OUT045,739.0420685124922
NCN43,OUT018,1768.024206985776
NCM55,OUT018,3048.2624987147033
FDQ21,OUT027,3239.465339694165
FDX13,OUT035,4093.8676623735823
NCK30,OUT027,6004.459798276501
FDG20,OUT049,2879.4824422467605
DRG27,OUT017,686.5698257873687
FDY14,OUT018,3840.501836767477
FDP59,OUT035,1530.855533036064
FDU60,OUT017,2775.950306816618
NCC18,OUT019,394.57690791483753
DRJ39,OUT017,3662.214666791498
FDS07,OUT049,1883.525418983793
FDM08,OUT027,5502.2827130183105
FDP51,OUT045,1916.084035279639
FDU16,OUT035,1428.26103947303
FDH12,OUT013,1687.7132626709576
DRE48,OUT010,493.2623469810266
NCL42,OUT027,6066.966351182422
FDR21,OUT045,2829.398219548049
NCW29,OUT035,2184.008362737623
FDO11,OUT013,4171.496180155218
NCM31,OUT049,2190.717598165983
FDV35,OUT019,405.5230728038351
FDF58,OUT017,1019.3887813987271
NCE43,OUT049,2667.282077790979
FDA02,OUT035,2567.228584246096
DRL37,OUT010,0.0
FDR24,OUT018,1165.8558080990488
FDW59,OUT049,1309.118595116285
FDS22,OUT049,729.1416214620485
FDW24,OUT017,851.818884289587
FDU24,OUT035,1595.5951602160217
FDA21,OUT027,5142.977336499668
FDH58,OUT027,3015.238136814572
FDW36,OUT018,1402.758358779454
FDI45,OUT027,4621.64945493492
FDU01,OUT018,2888.1127934300225
FDF35,OUT027,2685.1400454169825
FDU43,OUT019,672.2815830509647
FDE24,OUT019,416.47831182908857
FDK50,OUT049,2674.427963874352
FDG31,OUT045,1012.6387873818593
FDC60,OUT045,1454.4020505087576
FDL36,OUT013,1476.171048286569
FDP21,OUT013,3155.717482420007
FDW16,OUT045,1517.0952040984985
FDX02,OUT017,3739.2301718866147
FDQ58,OUT027,3850.1343712532844
FDT51,OUT046,1851.5878183042564
FDD59,OUT049,1296.2689973553631
NCM42,OUT018,1412.794872457449
FDA57,OUT018,448.0157791149983
FDZ48,OUT035,1899.227129768247
FDE46,OUT045,2396.8153629531985
NCZ30,OUT019,271.6954450749456
FDB56,OUT017,3314.048119136688
FDA25,OUT027,2681.992373706291
FDD20,OUT013,2103.229295316262
FDL25,OUT013,1553.549760478195
NCO18,OUT049,2895.949369465811
FDJ45,OUT017,695.3033426485455
FDR12,OUT035,2797.211394222012
NCF19,OUT010,0.0
FDK25,OUT046,2712.4756192928385
NCR17,OUT046,2216.415322682829
FDC52,OUT046,2470.9795352858073
NCA54,OUT017,3052.1978155838015
FDR45,OUT010,758.841526752464
NCM19,OUT049,1891.2964664058243
FDF39,OUT027,6439.918497192706
FDX23,OUT049,1554.3091303828223
FDD58,OUT027,2598.750447558269
FDX28,OUT013,1534.7082198223884
NCD31,OUT013,2504.537954709178
FDU57,OUT018,2258.8716861474854
FDI27,OUT046,723.0522392630744
NCM42,OUT046,1666.5349169699978
FDD32,OUT027,2266.5667674799715
FDI34,OUT013,3883.389896158337
NCM29,OUT049,2096.217884388133
FDG46,OUT018,1614.9948754808754
DRC01,OUT010,0.0
FDB15,OUT027,6085.847310198083
NCA17,OUT027,3826.872269188407
FDF10,OUT046,2358.9137841716183
FDR26,OUT027,4855.9776080121865
FDI02,OUT049,1858.1765465024607
NCM54,OUT010,312.4569636093027
FDF14,OUT013,2464.2901667034052
FDJ33,OUT010,274.3401810666897
FDM20,OUT035,3956.3944840469194
FDC03,OUT027,5348.750290310477
NCX05,OUT046,1896.1639542792607
NCM41,OUT027,2527.576732429516
NCU29,OUT010,391.1524199627609
FDQ59,OUT017,1308.1417139689083
FDH46,OUT010,361.9303166706234
FDH09,OUT013,753.3515953557859
NCD06,OUT045,652.6745963356473
FDC15,OUT035,2504.48735596067
DRD37,OUT027,1432.1885144705054
FDT28,OUT027,3605.9433726134
FDR28,OUT027,3964.7597548833983
FDT38,OUT017,1388.3022031536357
FDV34,OUT027,2191.1056327906667
FDY52,OUT035,1139.0443345932156
FDB34,OUT013,1382.2390794346632
DRL23,OUT018,1368.118276453999
DRB24,OUT046,2464.2901667034052
FDJ50,OUT046,913.9994073454108
FDQ49,OUT035,2508.998569786468
FDP20,OUT035,2117.215408879112
FDV19,OUT027,4174.465685102105
NCR54,OUT045,3196.072370674954
FDO09,OUT010,936.9628461137006
FDS57,OUT018,1944.9954372337336
FDN10,OUT049,1819.629840765891
FDV23,OUT049,2097.8093719427993
FDY28,OUT049,3421.379913363021
DRG51,OUT013,2645.542594646021
FDD45,OUT019,386.2961747231498
NCL18,OUT027,5353.558560045527
NCM29,OUT013,2069.184792553258
FDF17,OUT027,5449.869592443583
FDE22,OUT017,2658.794596171741
FDQ22,OUT017,734.3249694931917
FDS01,OUT013,2837.0983880670274
FDW35,OUT027,1271.629048588339
FDJ33,OUT046,2088.8706351657793
NCF54,OUT035,3054.684091549435
FDE09,OUT013,1613.4028636393593
NCE06,OUT045,2471.4663334945635
DRH49,OUT049,1276.2688486960428
FDY43,OUT045,2603.4362225548048
NCT05,OUT017,4064.778526019678
FDZ34,OUT045,3336.497393095025
FDL38,OUT017,1412.7593231771414
FDZ31,OUT017,3016.56064179474
FDR14,OUT035,985.4265565846603
NCN54,OUT049,1364.428599925346
NCC42,OUT027,3365.5594599751034
FDK08,OUT017,1557.586147432491
FDP59,OUT013,1456.202729151076
FDV22,OUT035,2691.275459135676
FDD33,OUT035,3851.3330051042058
DRE60,OUT027,5862.737039883878
FDK52,OUT046,3805.749647317446
FDA02,OUT017,2485.1180925885183
FDM56,OUT049,1784.5056630754061
FDE57,OUT035,2245.253566667692
FDM32,OUT045,1218.6278490110578
NCQ30,OUT027,3196.941403768781
FDQ27,OUT027,2687.1653244175327
FDT60,OUT027,3224.481413170946
FDU43,OUT049,3865.2151304798676
NCO55,OUT035,1891.7848500842176
FDG02,OUT045,3063.8909784913917
FDJ28,OUT013,3050.7622860869437
FDP40,OUT045,1729.3423656521693
FDJ38,OUT045,3213.052497768146
NCC54,OUT017,3991.257083616803
NCZ41,OUT046,2029.8309072266404
FDK38,OUT019,480.6844511238125
FDU52,OUT013,2437.493814275377
FDC40,OUT046,1251.6116646599476
NCR30,OUT017,1098.6948137053096
NCN18,OUT017,2043.0436735558692
FDB50,OUT035,1340.5589367722923
FDG04,OUT013,3105.644792171644
FDR26,OUT035,2895.4608082011
NCT17,OUT018,2974.202144954941
FDX35,OUT027,5918.296870725434
FDS12,OUT046,2095.0145691864645
NCZ29,OUT027,3277.5565118876857
FDB38,OUT010,335.8037638987288
FDP12,OUT013,686.0042522221722
FDP22,OUT046,838.2561466866027
FDS26,OUT018,3780.2603746209325
FDR52,OUT046,3142.3181047833805
DRJ13,OUT046,2633.8839371620206
FDU48,OUT027,3396.0956463681
FDE29,OUT035,1028.9965074405625
NCT29,OUT049,2053.415569635267
DRK37,OUT018,2931.688300539874
FDK55,OUT046,1460.7902031301714
FDR07,OUT046,1359.0100279200572
FDO21,OUT027,5570.447593057231
FDK46,OUT049,4048.962674914352
FDB12,OUT045,1627.8400171312223
FDT31,OUT027,4978.073352324536
FDJ33,OUT045,1994.8019367274867
FDC26,OUT027,2629.9518940650532
NCQ02,OUT045,3079.2488290066967
FDP08,OUT010,425.6477193317727
FDB11,OUT027,5557.70586104369
FDV55,OUT013,2609.3867363667987
FDW20,OUT049,2047.8221655095765
NCJ18,OUT019,399.0922693524301
FDC41,OUT018,922.3605518034232
FDE14,OUT027,2670.1997103947506
FDG35,OUT013,2664.7528900672014
FDF45,OUT035,993.6978975550189
FDS19,OUT027,2358.554686396748
FDS58,OUT019,342.34487031830855
FDA26,OUT017,3588.4857204739915
FDM32,OUT049,1357.7233431574396
FDL45,OUT046,2110.681720745663
FDZ55,OUT049,2883.248041392682
FDY37,OUT049,2248.737128701171
FDO46,OUT046,3123.571694054199
FDQ60,OUT046,1878.0714441383534
FDA19,OUT018,1817.9210920130365
FDL15,OUT046,2464.18642482289
FDM10,OUT018,2619.296132400694
NCL05,OUT017,695.0310891054853
DRK49,OUT010,0.0
NCE18,OUT027,5997.6918837081785
FDG40,OUT049,683.1337426586814
DRI59,OUT045,3623.5386591385845
FDK28,OUT035,4574.160702306085
NCD06,OUT019,0.0
FDO11,OUT019,853.807892766783
FDK27,OUT046,1831.183658601063
FDT43,OUT027,1471.034865380561
FDD38,OUT018,1426.6215597243813
FDA16,OUT049,4181.055787990157
FDL14,OUT027,3888.9695282014945
NCM17,OUT049,803.8042813958502
FDD20,OUT045,2027.3859082756887
FDA40,OUT045,1328.6074387914468
FDL43,OUT045,1206.6233565832251
FDV15,OUT045,1601.371392018768
FDE52,OUT046,1464.621115809297
NCL17,OUT010,494.06893979092024
NCJ31,OUT045,3678.2172244910544
FDR60,OUT045,1281.1148309770324
NCA18,OUT035,1990.5925960869986
FDS21,OUT027,1874.195572361566
FDW09,OUT035,1298.7311170425933
FDL26,OUT035,2549.2724296026636
FDS47,OUT018,1178.834140885031
FDC39,OUT046,3503.0821313332353
FDT51,OUT035,1926.2406221892443
FDK40,OUT035,4042.390698155614
NCG19,OUT045,3834.471116612755
FDZ07,OUT046,831.6265357899794
FDF08,OUT027,2385.943241983549
FDO04,OUT013,893.2667963729151
FDK41,OUT018,995.4345944784471
FDP15,OUT049,4106.602809105213
NCD43,OUT018,1362.1112236900017
NCP18,OUT013,2500.0343777048683
FDZ51,OUT046,1560.7391986383252
DRH13,OUT035,1737.862451815767
FDF38,OUT045,665.4156496059205
NCI43,OUT045,721.0731415800719
FDM38,OUT027,1727.4231269695752
FDS03,OUT013,1085.5839888504852
DRJ47,OUT017,2857.3797772005537
FDT50,OUT010,386.92144109588577
FDV02,OUT046,2857.001630471824
NCG18,OUT017,1809.6291486784976
FDW52,OUT046,2658.99405854769
FDS40,OUT035,746.335555879311
FDN31,OUT017,2997.838691736252
FDA37,OUT045,2074.9360039397543
FDA15,OUT046,4291.774026214868
FDL39,OUT046,3032.525025191613
FDJ53,OUT045,1976.3001422402751
FDX22,OUT013,3532.6257452338546
NCZ42,OUT045,3982.7366631343616
FDD56,OUT027,4828.762807833895
FDD40,OUT017,3155.313942927351
FDS50,OUT013,3574.862039458647
NCN14,OUT013,3143.82542998624
FDT15,OUT013,3158.6812563166227
NCS18,OUT027,2749.710679717122
NCO26,OUT010,414.9394509067655
FDF58,OUT018,730.0681974769765
NCB19,OUT013,1354.8192746159227
FDH26,OUT017,2174.815286094279
DRB24,OUT027,3866.7480167534573
FDA49,OUT018,1054.399110510032
FDB32,OUT045,1271.7077046582947
FDI36,OUT017,3330.4958537099674
NCA17,OUT010,488.86625593955677
FDH22,OUT013,2066.649123717742
NCM26,OUT018,2220.879581205128
FDT15,OUT027,5139.202713480698
FDB16,OUT018,1253.4823079661012
NCP54,OUT027,3255.2228203144773
FDJ36,OUT013,1671.1139691942794
FDO28,OUT045,1799.093835820836
FDU09,OUT013,862.7702765116245
FDF29,OUT017,2094.858413010324
FDY08,OUT013,2076.636066342636
DRJ59,OUT018,400.939956965894
FDT23,OUT027,2248.257571917534
FDU15,OUT018,436.0603565853874
FDT47,OUT013,1608.0691785239928
FDI53,OUT019,334.4527621801869
FDR59,OUT018,3721.4833435562327
FDD53,OUT035,734.922107052807
FDY51,OUT017,3610.4425788678486
FDT04,OUT049,683.1285921379201
FDU51,OUT049,2876.1320357888517
FDG14,OUT035,2530.648412647576
NCU06,OUT045,3628.562722240908
DRG25,OUT046,3165.671562967062
DRH49,OUT035,1327.2138297853742
FDN15,OUT035,2169.706610390489
FDL43,OUT018,976.0456758846187
NCT18,OUT049,3148.5399591291844
NCB31,OUT013,3556.9964534893875
FDK57,OUT035,1962.2739347694303
FDY04,OUT019,285.3934039203978
NCP54,OUT046,2118.9867759365743
FDF41,OUT013,3900.488090891113
FDM01,OUT045,1651.5623494726099
FDW03,OUT045,1609.9369821645992
FDF28,OUT045,1907.7044607330326
FDY37,OUT017,2260.6098453147165
FDQ03,OUT017,3922.424636421718
FDP51,OUT027,3087.086115240226
FDJ40,OUT017,1858.2368372111966
FDC32,OUT049,1480.3882521349628
DRI49,OUT027,2260.142724559208
NCW54,OUT017,969.4627809341911
FDF09,OUT017,665.7425636588133
FDP45,OUT018,3792.1683611038843
DRJ23,OUT018,2830.515028857905
FDS59,OUT017,1835.0611160850958
FDY08,OUT046,2023.5721917134956
FDX16,OUT049,2611.107308941632
FDY16,OUT018,3091.6746488206
FDK32,OUT035,2567.228584246096
FDQ22,OUT013,698.7444300839902
NCC31,OUT018,2054.296230069157
FDG58,OUT049,2463.0897860580717
DRF48,OUT013,3101.898398948578
DRH36,OUT049,1190.7467359962907
NCR30,OUT035,1127.2780035308388
FDB03,OUT019,722.9652318184114
FDZ28,OUT027,3187.5921669718728
FDR35,OUT017,3219.087115300426
DRD15,OUT027,5906.755514997386
FDJ33,OUT019,314.5288678775054
FDA56,OUT010,427.4869876211129
FDP56,OUT046,916.693998111769
NCT30,OUT046,684.24416679626
FDK15,OUT017,1671.7179670106564
FDH44,OUT018,2227.56894978753
FDV01,OUT013,2452.941887034958
DRG03,OUT017,2475.701629614196
FDG50,OUT027,2479.136580831932
FDR16,OUT010,1102.0798712557998
FDZ60,OUT046,1592.6140387221383
DRG03,OUT045,2396.4234915302286
FDS56,OUT018,4300.254690602438
FDU33,OUT045,722.6368072724694
DRD27,OUT035,1576.8522246377374
FDW22,OUT046,3727.4580956572677
DRA24,OUT045,2581.003142818811
FDF38,OUT049,732.8210710763433
FDX48,OUT013,2481.3089943000778
FDS58,OUT018,2372.0677607133325
FDC32,OUT046,1499.7186565210977
NCQ29,OUT045,3844.280420057784
DRK39,OUT018,1077.90660781435
NCS38,OUT017,1910.611027518685
DRO47,OUT013,1841.0629705473825
DRG27,OUT027,1202.2549188825044
FDC57,OUT027,5397.135134004773
FDS55,OUT046,2599.340168033306
NCJ06,OUT018,1585.9501601723412
FDO01,OUT019,315.6010082338084
NCM55,OUT045,3249.639176176101
FDC52,OUT049,2494.6873580814636
FDQ15,OUT045,1045.290064687057
NCT30,OUT027,1453.1534448620564
NCR42,OUT027,1240.7115532447137
FDD28,OUT035,884.9321057988045
FDQ34,OUT049,1692.9306636745944
FDZ12,OUT027,3446.3411278870285
DRE13,OUT019,334.0957407254944
NCN07,OUT019,168.06707024341173
FDM28,OUT035,2897.478608320001
FDI10,OUT017,2806.675154953299
FDQ25,OUT013,2868.0249126056956
FDA38,OUT010,525.131484606277
DRI13,OUT049,3547.509031372875
FDY20,OUT027,2427.8037957093234
NCZ53,OUT035,3192.8995226721
NCM31,OUT013,2483.2842844968236
DRB01,OUT017,3069.0380656961097
DRF37,OUT046,4082.199893498674
NCF42,OUT049,2853.2033689513237
FDF16,OUT018,2327.969686668809
FDB41,OUT013,799.8223412049441
FDR34,OUT013,3911.7707974729574
FDR15,OUT018,2193.9095483248134
NCV42,OUT019,368.15109682720805
FDW51,OUT035,3561.5132275451306
FDU36,OUT017,1599.500144982019
FDX60,OUT049,1294.4941463631367
FDY03,OUT035,1955.0518141776831
FDW55,OUT045,4034.8074326565416
FDT01,OUT010,560.387637548933
FDG58,OUT013,2475.343326395235
FDK21,OUT017,4136.1951279851855
NCS41,OUT019,491.67539524920943
FDS10,OUT045,2899.3472579531267
NCT53,OUT046,2622.6930467520187
FDJ28,OUT018,2733.6363101915967
FDX44,OUT045,1316.2908441482155
FDT20,OUT018,416.35815859518067
FDO44,OUT017,1691.8312387503315
NCX17,OUT049,3832.769536721613
FDY01,OUT017,1924.273718088151
FDJ12,OUT027,5425.04681904759
DRK35,OUT018,432.29172741558654
FDD47,OUT019,481.67952713209127
NCM53,OUT035,1684.8524673675354
FDO45,OUT013,1369.0339224543225
NCM42,OUT010,358.81142578493643
FDE04,OUT046,2924.0652712346564
NCI30,OUT027,5889.578822870694
FDZ19,OUT013,2832.363007038082
FDW57,OUT013,2962.2956900416852
FDA25,OUT013,1719.7910622386842
FDT22,OUT046,898.2081648784609
FDP51,OUT013,1864.7747120492286
FDD48,OUT027,3013.2772610906686
FDY39,OUT035,3348.6715061484106
FDO48,OUT010,619.9462829221751
FDD23,OUT027,5122.6903226833465
DRN35,OUT027,1265.5766851571998
FDT01,OUT035,3582.437438301831
FDC20,OUT010,76.69342256555944
DRJ35,OUT035,1025.1048609041914
FDB32,OUT046,1514.7025830443167
FDL24,OUT046,2872.610823367779
NCV42,OUT035,1979.7365824778012
FDZ46,OUT046,1666.8002426316364
FDC15,OUT013,2426.5092830364633
FDD08,OUT019,0.0
FDY50,OUT049,1521.118230970095
FDD36,OUT013,1902.5648812834872
FDG57,OUT027,1475.8488963023158
FDL21,OUT018,433.11923292976593
FDN16,OUT027,2787.619274872702
FDJ09,OUT027,1276.256384996287
FDS01,OUT010,457.95770359923927
FDV33,OUT017,4071.46789460208
DRE12,OUT017,1866.2867163038743
FDR07,OUT013,1359.0100279200572
FDP48,OUT010,484.96778904020954
NCB55,OUT035,1093.4524257786422
FDQ08,OUT013,936.7087085608532
FDR34,OUT035,3995.3551644500253
FDO33,OUT046,1914.756396014775
FDP13,OUT045,648.8874415426396
FDX12,OUT049,3910.0040129230106
NCT06,OUT049,2861.584258252132
FDR16,OUT019,874.6683312737905
FDE36,OUT046,2688.4765670078114
FDZ36,OUT049,3171.449198168214
FDV13,OUT045,1324.8877218306209
NCZ17,OUT035,832.7872646988191
FDU56,OUT045,3180.5709490880527
FDM09,OUT035,2884.7769666866416
FDV02,OUT017,2892.5821698810255
FDS34,OUT018,1545.6494953718202
FDA11,OUT049,1530.63884942502
FDP09,OUT017,3454.3167029963674
FDB29,OUT027,2996.245403697478
FDT19,OUT017,2923.723505642616
DRH15,OUT017,729.4679276789274
FDY38,OUT046,3871.181738946843
FDF14,OUT027,3763.9117607618496
FDN48,OUT010,386.2961747231498
FDQ12,OUT013,3839.547738459154
NCJ43,OUT045,2280.456821215964
FDE17,OUT019,502.3428572599153
FDB05,OUT035,4133.037628730559
FDH10,OUT045,2484.6487470754705
NCR06,OUT017,648.5916440049361
FDU32,OUT018,1811.2793602282416
FDD56,OUT049,3039.595293773463
FDO36,OUT018,2647.2181603077443
FDH16,OUT010,530.3566565224745
FDX10,OUT018,359.44701355259605
FDZ37,OUT017,1486.8351794851815
FDU31,OUT010,406.200975869583
DRC49,OUT049,2146.4719582264775
FDL15,OUT045,2377.4505989663326
FDN32,OUT019,538.805110138237
DRH59,OUT027,2018.0564773297097
NCU29,OUT049,2444.9925104112644
FDR37,OUT019,616.6969828408268
FDS14,OUT018,2231.6167894353207
FDU02,OUT027,5862.737039883878
FDJ08,OUT035,2950.7351290414986
NCZ06,OUT045,3852.5315975900326
FDO31,OUT049,1333.3762247397945
FDH31,OUT018,1438.814276618193
FDS58,OUT017,2680.736062267729
NCA53,OUT027,1495.1291644450232
FDF50,OUT046,3185.209646374525
NCW42,OUT049,3700.8414170271813
NCQ17,OUT045,2455.150445828907
FDK51,OUT018,3781.842536686691
NCW41,OUT010,317.055843093141
NCR29,OUT017,938.2256689895014
FDB08,OUT019,266.55418935561414
FDA40,OUT027,2358.928474267165
FDL14,OUT018,2344.561676397176
FDB47,OUT046,3480.1710550777407
FDO03,OUT035,3928.3716289826657
DRK13,OUT019,491.67539524920943
FDX13,OUT010,702.8788884446074
FDF52,OUT046,3091.450366359084
FDT11,OUT013,3155.717482420007
FDB08,OUT013,2450.527838494696
FDQ28,OUT018,2130.690231121222
FDD29,OUT045,4035.6692714344285
NCQ29,OUT027,5916.578538972106
NCO02,OUT013,1047.5975334158823
FDR56,OUT010,723.7647615638498
NCM54,OUT049,2171.292423491413
FDP51,OUT035,1943.3994626569392
FDT38,OUT013,1352.721663744434
FDZ20,OUT018,3772.045109037202
FDJ53,OUT013,1969.3224013472393
FDX13,OUT049,4070.5771188158633
FDP58,OUT035,3636.117868552233
NCK31,OUT019,32.84911419338143
FDA35,OUT018,1862.2761801251174
FDV37,OUT018,2913.3870269953577
NCO07,OUT027,5318.563220327709
FDA20,OUT045,3067.481573192249
FDZ59,OUT035,2794.188788209081
NCY17,OUT017,782.4482141620038
FDQ28,OUT035,2413.3177579450457
FDV35,OUT017,2497.7232046418
FDQ36,OUT013,670.5740288462488
FDD34,OUT018,2527.6979154880805
FDK51,OUT045,4317.798011171533
FDV31,OUT035,2803.93340984295
FDR04,OUT035,1590.147648881267
FDR14,OUT049,891.4433483135381
DRC36,OUT010,390.97185208235766
FDE39,OUT019,321.10434805034384
FDP57,OUT049,1671.7823891724065
FDE57,OUT046,2170.6007627827044
NCN18,OUT046,2007.4631341466675
NCQ05,OUT018,2193.9364766906847
FDW47,OUT035,2065.422211043418
FDV46,OUT035,2172.708828582598
NCP29,OUT045,971.2416415929182
FDE09,OUT018,1514.5778294099098
NCU06,OUT027,5724.393812913985
FDT19,OUT010,367.44010029630493
DRF15,OUT017,2495.6482701929604
DRI51,OUT013,2745.7614917505543
NCX54,OUT013,1683.0858225902227
DRE01,OUT013,3796.3560052531393
NCB07,OUT045,3031.436463284196
FDU50,OUT035,1939.2962361711764
FDG40,OUT035,777.1169509298036
FDW10,OUT018,2320.451876756226
FDX51,OUT013,3121.6108183302954
NCP17,OUT045,1023.5066311491541
FDP21,OUT035,3230.370286304995
FDL04,OUT045,1544.1059338638802
FDV23,OUT013,2066.649123717742
FDF24,OUT046,1271.8815738591331
FDH56,OUT027,3168.0516964710528
FDB51,OUT049,1035.5965257357584
FDI58,OUT027,2519.282174488699
FDR20,OUT013,794.4729052671644
FDC51,OUT018,1817.9687288106438
FDB16,OUT027,2496.2813977178785
FDE40,OUT049,999.2215068443647
NCM17,OUT035,854.7492624851812
FDU56,OUT035,3397.6581725899528
FDS32,OUT019,372.94192874278565
FDX02,OUT049,3727.3574552730693
FDT39,OUT027,3980.071480763333
FDE35,OUT017,954.9905467389092
NCI42,OUT019,553.9132220154264
DRL23,OUT046,1621.8583209665478
FDA10,OUT046,1959.1492145793518
FDA11,OUT013,1506.9310266293635
NCM06,OUT046,2293.1196962481604
NCT05,OUT035,4103.850790495465
NCQ02,OUT010,506.6593217724286
NCY06,OUT049,2211.258848282286
FDY56,OUT035,4073.7686567107744
FDL02,OUT035,1682.8877742816082
NCI06,OUT035,2913.8266853494188
FDQ14,OUT045,2370.7696846075282
FDQ12,OUT017,3832.090050686564
FDP36,OUT046,787.4935670082233
FDK21,OUT027,6061.967660725102
FDO40,OUT045,2399.5949921486385
NCK54,OUT019,499.42289149140635
FDY09,OUT018,2557.197079548735
NCW30,OUT049,4042.847249188293
NCC55,OUT027,1400.2285067874984
FDE58,OUT018,1576.5570227709068
FDR39,OUT013,3249.9911902300873
FDU28,OUT049,3012.978922481512
FDH08,OUT017,3726.222874138203
FDG35,OUT045,2464.7962388629717
FDG22,OUT049,710.5671002379723
FDC34,OUT035,2739.6637557345384
FDP15,OUT018,3757.687684502874
FDK34,OUT010,788.4369451360438
FDU45,OUT035,1992.4900532698698
FDQ04,OUT027,1218.00153800316
FDX22,OUT018,3175.711494384958
FDB45,OUT017,1477.023702822852
NCH43,OUT027,5423.20737497739
DRE60,OUT046,3671.678136461935
FDD17,OUT027,6029.47504637968
NCM54,OUT017,2129.5230322151556
NCH55,OUT013,2245.1835057331473
NCT06,OUT017,2625.979174841955
FDA48,OUT027,5576.280382267766
FDY58,OUT027,5920.759193588886
FDO25,OUT045,3625.1147658655077
FDN50,OUT045,1478.7577887764571
FDH35,OUT035,2713.578813196493
FDK09,OUT045,3713.773895880162
FDO16,OUT013,1425.9396582014165
FDW11,OUT045,986.5950118713645
FDU47,OUT027,3425.101814055457
NCQ42,OUT010,269.9005540623254
FDK55,OUT027,2564.833912142432
FDN08,OUT049,1796.8019404442969
FDT57,OUT045,3859.7507566167346
FDJ12,OUT018,3151.557490803098
DRL59,OUT017,866.1165599987469
NCN53,OUT046,778.5385664371224
FDO51,OUT010,0.0
FDK56,OUT017,3307.358750554286
FDY12,OUT035,940.8542160866938
FDU15,OUT035,764.4532049829248
FDQ19,OUT046,3924.3924118771533
DRF15,OUT045,2401.1208799241354
DRE25,OUT019,418.47176671824235
FDK57,OUT018,1633.8810863718936
FDD33,OUT010,758.2457290225385
FDR34,OUT027,5956.571416889531
FDU04,OUT045,1951.698868197211
FDE35,OUT019,97.82724837917179
NCD31,OUT035,2582.5160276333845
FDJ56,OUT035,1843.621928638711
NCU53,OUT046,2658.6544098848385
FDD39,OUT035,3689.210095898404
NCU17,OUT019,452.292653051121
FDJ20,OUT046,2047.9655731389098
NCW41,OUT018,2343.562062779393
FDL52,OUT035,733.5432934729176
FDS39,OUT035,2294.460788990876
DRJ47,OUT045,2778.1016391165863
FDP13,OUT010,0.0
DRK39,OUT010,290.3960997141066
FDF28,OUT010,172.3783313966824
FDB09,OUT045,1988.965318639138
FDM51,OUT046,1615.832554559027
DRM49,OUT018,563.6479384641178
DRF23,OUT013,2837.656481912005
DRH01,OUT035,2838.761696277356
FDH12,OUT027,2669.439435328451
FDA28,OUT019,164.9259059672812
FDW37,OUT018,1243.3926716737956
FDF02,OUT046,1622.9039479561789
DRL37,OUT046,738.3493621807859
NCF43,OUT046,2074.0413623872773
FDH08,OUT010,596.8270586830885
FDR34,OUT019,817.9555214270447
NCK19,OUT049,3126.9706150595493
NCD55,OUT018,558.4906918788745
FDT27,OUT049,3503.931498797776
FDQ57,OUT045,2463.061430515851
FDA47,OUT035,2717.0783870228665
DRG15,OUT027,1821.3567368218548
FDE05,OUT018,2188.8134193682777
FDN46,OUT046,1656.8759657138658
FDX27,OUT027,2480.56021446485
FDT51,OUT045,1764.8519924476984
FDU33,OUT013,711.6081633904173
FDJ16,OUT027,1848.529006052456
FDD20,OUT019,288.6988412171728
FDT36,OUT049,700.9894578509051
DRF15,OUT027,3749.64275650871
FDN52,OUT010,312.0052309149704
FDC22,OUT027,5352.075559349696
FDX15,OUT045,2567.4812615868773
FDT13,OUT013,3146.8929457633712
FDU04,OUT017,2038.3098788629145
FDU31,OUT019,408.184501834481
FDW59,OUT027,2374.947315733858
NCO29,OUT046,2616.6462250829786
FDL15,OUT035,2538.8392287078777
FDI41,OUT049,2447.439069617213
FDQ48,OUT049,1668.4694950117207
DRI39,OUT013,981.1660159632022
FDI08,OUT013,3930.439276812014
FDC21,OUT049,1834.2409398830198
FDF58,OUT035,1107.2441566818127
FDS08,OUT010,382.5336122675723
FDE47,OUT045,2028.750301591004
NCP18,OUT019,466.3316323553074
NCR41,OUT013,1514.7025830443167
FDA27,OUT013,3781.7400655925576
FDA43,OUT035,3158.0133424319265
FDA49,OUT045,1264.4415563478142
NCE55,OUT018,2895.347955688578
DRM49,OUT027,1336.0778069093276
FDF22,OUT027,5473.891023744837
FDQ15,OUT018,1009.2134970232194
NCS54,OUT017,2997.330757455624
NCY05,OUT013,656.254419244615
FDR45,OUT046,3970.0952039058925
FDK57,OUT049,2088.0214806178133
FDF41,OUT010,835.3060982795719
FDV21,OUT046,2097.2847459542613
FDD51,OUT046,751.5143530078058
FDF33,OUT046,1835.12315511646
FDA38,OUT046,3732.5695869926935
FDR56,OUT045,3350.4570301276403
NCN41,OUT017,2080.787681020453
FDC60,OUT027,2386.273043037609
FDB47,OUT045,3429.140583821239
DRH01,OUT013,2761.0546734939976
FDW08,OUT046,1602.1333134840565
FDF38,OUT027,1279.7265984176706
FDY32,OUT017,2643.810669648522
FDG34,OUT049,1716.564834504119
FDG47,OUT019,847.1185241843809
NCF18,OUT035,3204.9900812968062
FDL39,OUT019,578.8904264678844
NCH55,OUT035,2319.836309618135
DRJ35,OUT049,1065.2879861602796
FDS44,OUT035,3978.110546397677
DRE01,OUT018,3492.18079813016
FDY39,OUT013,3286.386000712632
FDY32,OUT018,2372.1969113712535
FDR33,OUT027,2868.082079562233
NCP50,OUT049,1304.149280257245
FDZ47,OUT018,1207.2741266186047
FDU57,OUT049,2518.6127278112085
FDY44,OUT013,3153.5823143457733
DRH59,OUT018,906.407039708026
FDB03,OUT027,5938.79212737848
FDY46,OUT045,3073.182239619335
FDM39,OUT045,2863.5029252513386
FDY36,OUT035,1289.092660825798
NCM55,OUT035,3404.0799153622183
FDJ50,OUT010,21.56405417360341
DRL60,OUT013,2479.8223095690405
NCJ54,OUT049,4040.8189709777143
FDX59,OUT017,679.642275582244
FDI07,OUT013,3168.2947386529513
DRF51,OUT010,0.0
FDM14,OUT017,1723.4288107737234
FDP21,OUT045,3061.6487839817137
FDE40,OUT035,1123.3135575016631
FDE05,OUT035,2553.167630898633
FDM13,OUT027,3345.807148930284
FDC34,OUT027,4091.418430303256
NCI55,OUT018,1965.519189346061
NCE43,OUT018,2407.541036127256
FDW58,OUT018,1368.1159394424262
FDG60,OUT045,3722.317710611863
FDV31,OUT017,2728.899782234344
FDR47,OUT013,3113.309360597386
FDM60,OUT019,0.0
NCF06,OUT018,3242.931703954409
NCN26,OUT027,3047.38392518038
FDQ59,OUT049,1377.7234918167599
FDF09,OUT046,635.9892729501036
NCS06,OUT017,4175.018761297294
FDT44,OUT046,1880.6318114136254
FDI19,OUT017,3915.735267839316
FDT22,OUT017,963.4667637688317
NCF54,OUT027,4636.045316222153
DRG25,OUT045,3114.6410917105604
FDB59,OUT017,3045.939896439923
FDQ37,OUT017,3528.9018326307
FDP56,OUT035,983.1278761114286
FDW44,OUT035,2932.0143750679094
FDJ26,OUT010,545.6186640746092
FDU43,OUT018,3516.3000058775324
FDW33,OUT045,1600.5205191902764
NCX53,OUT027,3455.9441772365612
FDN56,OUT010,579.6505178165959
DRF15,OUT049,2468.5263013945573
FDO33,OUT017,1950.3369354239767
FDZ39,OUT010,413.7722000697583
NCJ19,OUT017,916.338692473439
FDU01,OUT035,3238.052865883828
FDT12,OUT035,3754.5317120728896
NCM18,OUT018,773.7785245423754
FDP19,OUT017,2093.068443056172
NCR42,OUT049,693.806025903387
FDN10,OUT046,1795.9220179702345
FDG44,OUT017,955.6859394850454
FDQ10,OUT046,2780.9009956346417
DRH13,OUT049,1686.9174707264356
FDT52,OUT013,3854.312735197037
FDM56,OUT045,1872.0152518880823
NCO43,OUT010,304.55729932077446
NCV29,OUT035,2940.6070067643595
NCF06,OUT013,3564.813736721869
FDO50,OUT035,1494.8489562671973
FDT59,OUT013,3783.1495511556664
FDX40,OUT027,1213.9152008166855
FDE50,OUT017,3151.9886738881323
FDX51,OUT017,3160.516626778716
NCD30,OUT018,1230.599237519963
FDK15,OUT013,1679.175654783246
FDL12,OUT045,909.690878231472
FDK46,OUT017,4033.180953996286
DRH49,OUT010,247.45911640046154
FDQ57,OUT046,2514.0919017723527
FDY59,OUT017,1550.763645367081
FDO09,OUT018,3793.3412351456072
NCG30,OUT035,1983.9517923870062
FDM09,OUT017,2664.171534931842
NCN17,OUT027,2722.900372542191
NCS42,OUT013,1432.0553818876924
FDD02,OUT019,421.00355311643165
FDE34,OUT013,3323.3349304150884
FDU38,OUT045,3163.8731183463688
FDB33,OUT046,2663.5724802588984
NCJ29,OUT017,1410.057557511123
FDZ27,OUT035,832.1951340645379
FDI40,OUT013,1561.5301178148425
FDG22,OUT013,677.9277143502362
FDT51,OUT017,1844.1301305316667
FDF20,OUT018,2838.2222486846877
FDV50,OUT035,2130.7523843122226
FDT02,OUT049,705.8386073794736
DRC49,OUT017,2466.3122583653117
FDF26,OUT049,2495.6790946017136
FDV52,OUT035,1924.9737489539816
FDX59,OUT049,667.7695589686988
FDV25,OUT035,3964.450121311983
FDW23,OUT027,1213.4707945901962
FDE53,OUT018,1381.3927418396054
FDA19,OUT017,2107.241675934785
FDH22,OUT046,2074.101549147143
NCO41,OUT013,1533.3401407576134
FDX12,OUT017,3889.730941170748
FDF17,OUT013,3243.9277264771035
FDS11,OUT045,3627.3370337878355
FDR51,OUT035,2514.0347671474033
FDT49,OUT010,355.24094808822133
FDC56,OUT013,2129.5642579857567
FDR13,OUT027,3054.073293762782
FDQ60,OUT035,2028.3703356297272
FDN38,OUT049,4255.323088301411
NCL29,OUT013,2561.129031032462
FDO13,OUT027,4033.451440646667
FDE26,OUT018,2185.766936995963
FDA31,OUT010,219.74609177705992
FDX14,OUT035,1221.139884471662
FDA34,OUT045,3100.5204489318244
FDF26,OUT013,2440.991565235227
FDE38,OUT045,2694.0299701524723
DRI11,OUT046,1905.0837785928134
FDQ60,OUT027,3001.0107564271284
FDL21,OUT027,1235.1440896958175
DRC12,OUT027,5339.20853376221
FDC47,OUT046,3860.9746476490936
FDE57,OUT045,2066.506416897061
FDT14,OUT045,1893.7554973961571
NCZ53,OUT046,3118.246718787112
FDE28,OUT018,3399.1423996030135
FDR19,OUT035,2552.244657722877
NCF54,OUT019,489.3415291966083
FDZ08,OUT046,1220.438991336537
NCJ05,OUT018,2193.933989512989
FDF59,OUT046,2053.863858760482
NCO05,OUT035,1729.7742720284818
FDW24,OUT018,562.4983003678357
NCX42,OUT018,2451.03637407412
NCA53,OUT035,876.91979733955
FDI45,OUT019,374.1477065053048
FDG46,OUT046,1911.7731471752156
FDM20,OUT010,702.8788884446074
FDW11,OUT010,47.32546868250962
FDX08,OUT035,2794.278172458977
NCK17,OUT035,870.335579563456
FDK32,OUT018,2231.237861789068
NCA42,OUT035,2677.157595028293
DRI01,OUT035,2849.6423963148127
NCL55,OUT049,4492.2308799835055
DRE25,OUT018,1274.3374491479706
FDD14,OUT017,3108.1357500838926
FDB10,OUT046,3206.5967249778228
DRN11,OUT035,2523.959044065174
FDP38,OUT018,544.5483936696882
NCA30,OUT017,3050.639200115356
FDT15,OUT017,3151.223568544033
NCP55,OUT018,782.0043796282283
FDF12,OUT035,2487.5482083520155
FDM21,OUT018,3759.228279937233
FDX56,OUT035,3791.385053526064
FDF10,OUT017,2394.49432358082
FDT32,OUT045,3048.795046188866
FDM51,OUT018,1427.400620642973
NCR50,OUT018,2205.347438339493
FDI19,OUT049,3903.8625512257704
FDX21,OUT017,1674.874697724682
FDR31,OUT035,2564.381359893917
FDY02,OUT013,4092.3200306351614
NCA29,OUT045,2814.92373162287
NCX17,OUT046,3955.3958724075455
FDM12,OUT045,3023.6509965367377
FDI53,OUT027,4040.4145965533035
NCU30,OUT049,2635.2250338078
FDC56,OUT027,3319.337078312724
FDK27,OUT018,1761.4690136079666
NCK18,OUT017,2769.5150497859954
FDB52,OUT019,847.1185241843809
DRG25,OUT027,5154.190992762206
FDZ13,OUT049,867.5901178638682
FDB57,OUT019,697.7751123177994
FDR40,OUT046,1303.3988610897584
NCO14,OUT019,0.0
NCN19,OUT045,3095.8624745068696
FDQ28,OUT019,307.689303102416
FDO13,OUT018,2347.239815470748
FDK48,OUT013,1324.0540612778007
FDU07,OUT018,2154.065627989996
FDW20,OUT046,2056.2601310797263
FDV12,OUT010,398.3664204792379
FDH24,OUT013,2573.1616028694184
FDV59,OUT049,3508.429396634729
FDK57,OUT045,1912.236747234326
FDL16,OUT027,1473.8338647737712
NCQ17,OUT046,2764.032070221165
FDJ15,OUT018,2844.6223474354783
FDX24,OUT049,1585.0905254333152
FDT47,OUT046,1604.2536037569812
FDT10,OUT049,902.3995897284012
FDZ37,OUT018,1197.5145955634307
FDW43,OUT027,5833.726686222052
DRN36,OUT017,1579.5394569260025
FDJ14,OUT045,1239.9161162964092
FDA32,OUT013,3508.5519563923613
FDJ38,OUT019,622.2623933018878
FDQ57,OUT017,2581.8182295473625
NCQ41,OUT019,538.805110138237
FDG56,OUT049,1095.3139271314708
DRC13,OUT027,3214.008919910759
FDV55,OUT035,2684.0395402517865
FDQ49,OUT045,2576.2578322172803
FDE29,OUT010,66.71311598328218
FDR03,OUT013,3477.328879168813
FDD45,OUT049,1630.1498134627209
FDN38,OUT010,964.308547445657
FDT56,OUT046,1059.8224253049684
FDT48,OUT045,3217.073722125811
FDU03,OUT049,2914.3854484168564
FDC56,OUT010,546.371525046118
NCO43,OUT027,2536.1051336219016
FDQ27,OUT017,1725.5991867014284
FDR03,OUT046,3445.1830908030047
DRH23,OUT010,75.10647083374228
FDG22,OUT045,643.1616787675496
NCJ42,OUT013,1607.5979652453573
FDR24,OUT046,1419.5958526115976
FDW60,OUT035,2947.263627252767
FDJ08,OUT013,3010.318922300734
DRL59,OUT018,576.7959760769959
FDG60,OUT010,712.8543583603595
FDW27,OUT017,2523.525688717791
FDX14,OUT018,1012.1660883747559
FDC20,OUT013,894.9762841723996
NCS29,OUT018,3581.402042910917
FDJ56,OUT046,1777.188050639051
FDB20,OUT019,249.07076856738274
FDL28,OUT027,5764.840469973189
FDW01,OUT018,2117.940173030777
FDL03,OUT046,3154.330373335654
FDX22,OUT049,3540.949778379331
FDJ21,OUT035,2551.696441380461
FDR31,OUT045,2240.0248909498023
FDG21,OUT035,2542.5161218209205
FDS22,OUT027,1262.6501740119736
FDK08,OUT035,1462.9666336425614
FDE17,OUT018,2276.228057247101
NCN30,OUT017,1431.2205936363478
FDT50,OUT046,1522.306749646349
NCX42,OUT049,2683.5078801818872
FDJ12,OUT035,3540.086318355191
NCA18,OUT027,3048.1466550936675
FDP23,OUT019,538.9292954922072
FDX12,OUT013,3886.2961901273543
FDN40,OUT018,2167.1401242626566
FDV48,OUT035,1394.2278819889834
NCY54,OUT013,2947.5568297293853
FDL16,OUT010,76.65224793927352
FDR45,OUT018,3608.9265389663938
FDJ52,OUT046,2607.306010738669
DRG01,OUT017,1255.515393015263
FDP52,OUT013,3812.439015899848
FDU58,OUT017,3159.1522334634005
FDL02,OUT045,1564.5373717218538
FDG28,OUT013,3761.539222608755
FDA19,OUT035,2168.102070664778
FDW46,OUT027,1990.7173868100354
NCD43,OUT049,1639.559090998207
DRG39,OUT013,951.265034786929
NCF55,OUT049,837.790836580536
FDJ07,OUT046,1745.664487468449
FDE08,OUT046,2399.281249408945
FDP56,OUT019,40.04662010911098
FDT45,OUT045,787.8691794294342
FDF17,OUT018,2971.6946768066564
FDX44,OUT046,1359.988442822982
FDM28,OUT027,4774.60589479282
FDI36,OUT049,3271.493422207395
FDS07,OUT045,1797.3945207851193
FDD36,OUT045,1846.803664071871
FDW11,OUT046,957.1455409781641
FDN40,OUT049,2472.242429102472
NCQ18,OUT049,1609.1353314050762
NCQ54,OUT017,2846.0629765839394
NCS42,OUT045,1397.2893463050057
DRH39,OUT010,246.08132276626964
FDC09,OUT027,2589.561572747956
FDT08,OUT010,362.3609259720153
FDC08,OUT035,3551.7138386349507
FDT20,OUT017,705.6787425169322
FDS35,OUT035,1181.3182799976912
FDX58,OUT018,2839.0656319894824
FDW58,OUT046,1637.3881268206103
DRD27,OUT046,1586.7615529878017
FDH32,OUT019,386.2961747231498
FDS26,OUT035,4162.413654668121
FDQ31,OUT046,1388.3958020136142
FDP11,OUT018,3233.4799314753855
FDD58,OUT017,1609.566587128187
FDM33,OUT045,3491.911395398648
FDZ16,OUT049,3445.336661094061
NCS29,OUT010,901.8825672488296
NCM18,OUT019,188.29345672679733
FDP11,OUT049,3571.063777938147
NCC42,OUT017,2171.304523785622
DRM23,OUT046,2876.3493481044707
NCN55,OUT027,6129.337960352381
FDK46,OUT013,4033.561777719904
FDR01,OUT046,3247.8496494815
NCA05,OUT045,2245.882766041272
NCP43,OUT017,2876.735618186996
FDR12,OUT010,445.26869141893235
FDQ01,OUT013,4041.796225023938
FDM13,OUT046,2056.8436964927937
FDQ19,OUT017,3924.0115881535353
FDK56,OUT019,661.5552074457165
NCX06,OUT010,413.5931237024371
FDO56,OUT027,3173.0113128404096
FDU45,OUT045,1831.101423528324
FDI16,OUT019,210.45522784773567
FDL32,OUT046,1872.07192781117
FDA07,OUT046,1976.5810589304429
FDA14,OUT045,2411.672743715086
FDV46,OUT027,3402.8803026074197
NCO07,OUT035,3543.5564699931624
NCP41,OUT046,1680.9261016611893
FDY60,OUT018,1892.6582617477998
FDN38,OUT017,4239.5413673833455
FDO15,OUT046,1154.880267902823
FDT60,OUT013,2088.245368793043
FDA55,OUT035,3979.1846281426624
FDE02,OUT010,372.89919993174783
DRJ39,OUT049,4180.879292715024
FDV34,OUT035,1302.4789730446118
FDS20,OUT027,5112.430476404229
FDF02,OUT027,2621.020330972973
FDW40,OUT017,2177.860240951358
NCB43,OUT046,3081.9734294625855
FDR58,OUT017,1497.84389131533
DRJ59,OUT035,765.2941684962511
NCD30,OUT017,1507.1257784829886
FDE14,OUT017,1594.1845699732937
FDC28,OUT018,1280.9681753098396
FDU16,OUT018,1119.1858118786124
NCD19,OUT035,987.2878179150827
FDU21,OUT046,692.5850402174061
FDV59,OUT027,5464.658058866501
FDU03,OUT045,3106.8171998938765
FDC33,OUT010,532.097503929237
NCR42,OUT035,744.751006992718
DRH59,OUT035,1270.7612512383823
NCM31,OUT035,2261.13785661273
FDS50,OUT035,3778.302436362401
FDP39,OUT046,954.8145190318472
FDQ55,OUT013,2067.588286557224
FDV36,OUT019,287.4201693853196
FDI05,OUT027,2227.5135829206447
FDS45,OUT027,2685.731853260386
FDA39,OUT045,691.4487676470502
FDC37,OUT010,432.50755441807536
FDJ60,OUT027,4347.2932053521945
DRQ35,OUT046,2096.6708912422355
NCJ06,OUT046,1827.5244656077682
NCY42,OUT018,2191.9756009667813
DRM37,OUT049,3257.335415544851
FDR14,OUT045,763.579765822049
FDE51,OUT049,757.7702987550413
FDT33,OUT017,2749.007202302175
FDR08,OUT013,1807.7772534497742
FDE36,OUT010,332.0548079361379
FDL22,OUT019,415.09424288228485
FDR44,OUT013,2078.350505107985
FDI56,OUT019,487.9929350603489
FDE47,OUT010,281.167340123355
FDV27,OUT010,376.9975492311724
FDV10,OUT049,602.5744097161484
FDC40,OUT045,1228.4493008460051
NCX41,OUT013,3512.5344225161884
NCQ38,OUT027,2653.0806819018894
FDV12,OUT027,2645.3474088603602
FDE52,OUT017,1415.6326753649932
FDG20,OUT027,4622.286460086184
FDV16,OUT027,1376.3256359203463
FDI32,OUT017,1877.1443927536866
FDJ32,OUT049,1014.9800254885257
FDN39,OUT018,2486.889441362232
FDY34,OUT017,2951.869212544609
FDC14,OUT035,764.8373503665221
FDA55,OUT017,3940.1123636668763
FDZ50,OUT010,498.3647638316115
DRG13,OUT049,2661.9175448599412
FDP01,OUT013,2421.5511123564115
NCG54,OUT017,2997.5960831172624
FDM13,OUT045,2005.8132252362918
NCO18,OUT027,4921.9269223379315
NCW41,OUT013,2442.4738373518676
FDM52,OUT027,3752.0993348570405
NCF55,OUT035,888.7358176698671
FDT09,OUT046,2047.6308738255473
NCM19,OUT035,1889.3889912059321
FDW12,OUT018,2196.3607979257363
FDP15,OUT019,919.016121115448
FDK36,OUT045,793.5679620162529
FDZ25,OUT035,2976.222548539088
NCW06,OUT049,3209.9165551826973
FDW60,OUT046,2927.477881495957
DRC49,OUT013,2421.80015586403
NCT17,OUT035,3330.019561602456
NCN06,OUT018,2298.720418014297
FDC45,OUT013,2857.001630471824
DRJ47,OUT019,374.1477065053048
NCF06,OUT045,3517.1085345045863
FDE21,OUT010,468.1640587120446
DRG27,OUT013,631.6415687455203
FDW40,OUT049,2150.738272152955
NCO53,OUT046,3115.2953737399794
FDE23,OUT049,697.5440494386564
FDQ16,OUT046,1776.4391036547643
FDS26,OUT045,3880.471326997165
FDZ13,OUT010,0.0
FDS14,OUT049,2473.0140629758425
FDC10,OUT045,1736.9032505532336
FDY16,OUT049,3409.610223272776
FDJ20,OUT035,2130.0708024532973
FDV43,OUT035,700.2123442915853
FDZ32,OUT027,2670.1997103947506
FDR23,OUT046,2849.085250868702
FDN24,OUT035,904.2587062652847
FDE34,OUT027,5317.253362370565
FDU31,OUT013,3391.6211052970116
FDW33,OUT018,1415.517771578711
FDU26,OUT046,1906.4238005583782
FDE20,OUT027,4380.851653099489
NCW05,OUT035,1679.5236747384247
FDB22,OUT018,2226.082265056493
FDO56,OUT046,2025.7515498834875
FDA19,OUT027,3472.2860967576025
DRI39,OUT045,940.7936863276544
FDH52,OUT018,689.6131998045084
FDZ50,OUT035,3198.0019395226846
NCN42,OUT035,2553.088004369675
FDB53,OUT013,2450.890789066779
DRG11,OUT017,1685.7671365406652
DRK11,OUT027,3763.9117607618496
FDQ60,OUT017,2090.3445104852694
FDT36,OUT017,712.8621744644503
DRG25,OUT018,2884.506950204535
DRJ23,OUT046,3147.6410047532518
FDG05,OUT035,2657.050611182667
NCK06,OUT018,1763.0919605922215
FDU52,OUT017,2473.074353684579
FDW07,OUT018,1068.1260904146473
NCM17,OUT045,688.8693996289351
FDA22,OUT045,2640.7228965308504
NCA41,OUT018,2865.728333000844
FDF38,OUT035,783.7660521656743
FDH52,OUT046,957.6486320373663
FDY58,OUT019,621.0177147826315
FDZ16,OUT045,3377.0835653408394
NCM18,OUT017,1063.0991084641257
FDA22,OUT018,2438.0133232748044
NCJ43,OUT035,2406.1400963574533
FDI34,OUT027,5941.5874903663125
FDG56,OUT046,1085.9014920561228
FDS34,OUT046,1887.1889374726743
DRC01,OUT035,918.7289787596873
FDQ04,OUT035,741.0641149241757
FDK04,OUT035,1016.97749781808
FDT51,OUT049,1832.2574139181215
FDV26,OUT017,3174.9269862216365
FDS04,OUT049,2141.380133257212
FDW43,OUT018,3461.3835420298465
FDQ28,OUT010,307.689303102416
NCK06,OUT017,2052.4125445139703
FDS23,OUT018,1869.8485744705345
FDZ36,OUT019,508.49954082626226
FDE56,OUT018,849.8682731880547
FDW10,OUT027,4584.844769398647
NCN14,OUT045,3054.3625097377626
NCQ18,OUT045,1541.729909934653
FDW08,OUT017,1629.6018642379859
FDU43,OUT035,3916.160111569199
FDR33,OUT010,358.81142578493643
FDM24,OUT010,409.7707056200887
NCZ05,OUT046,1648.22572140756
NCV41,OUT035,1985.8006846874675
FDV11,OUT018,2587.2732068318396
NCY05,OUT035,739.8387862216821
FDV44,OUT018,2859.0207267918445
FDW32,OUT049,1257.0818519392428
NCU18,OUT027,3506.3457141051954
NCC43,OUT035,3721.6390986450633
FDW19,OUT013,1864.9847930956585
FDN31,OUT035,3036.910956212038
FDI48,OUT045,750.274836838979
FDS24,OUT017,1268.8232410359833
FDF46,OUT049,1928.7916013884699
DRG23,OUT017,2468.273134089215
FDG14,OUT018,2202.2555642500406
NCY30,OUT049,2802.148087633051
FDO28,OUT018,1727.9467712849746
DRD24,OUT035,2252.571632138405
FDI33,OUT049,1504.2973391732967
FDN32,OUT046,3158.907790814282
FDR16,OUT045,4046.770302492675
FDF26,OUT046,2444.3168342744457
NCN29,OUT018,529.8108834616013
FDE20,OUT045,2679.0098371366444
FDA46,OUT046,3116.6597670552947
FDU28,OUT045,2945.5735010110902
FDQ48,OUT045,1568.9182851754895
FDV36,OUT013,2109.5497116792835
FDR14,OUT018,571.244145628747
FDP23,OUT017,3545.984773195019
FDP56,OUT013,907.7624350196892
FDK48,OUT010,215.1385589151568
FDR48,OUT046,2432.6925946800134
NCY29,OUT049,889.3409283332994
FDM22,OUT018,597.8631541100856
DRJ01,OUT013,2548.7208206697305
FDZ43,OUT045,3321.209779652047
FDV03,OUT035,2514.773894089982
FDX11,OUT027,5119.1198449866315
NCA41,OUT027,5375.619369475369
FDE38,OUT017,2780.6409808181756
FDI27,OUT018,469.3121947505248
FDN32,OUT013,3139.5600731816353
NCN43,OUT017,2067.421462799509
FDB47,OUT027,5439.784359655128
FDV03,OUT017,2475.701629614196
NCN30,OUT045,1351.9424555523794
NCV54,OUT010,367.131597520757
FDV07,OUT013,1537.8970208961262
FDP07,OUT049,3116.202968167554
FDK48,OUT018,914.6309071438388
FDM15,OUT019,424.1479283432088
FDY19,OUT027,3104.9998543458064
FDK46,OUT046,4033.561777719904
FDY11,OUT045,1048.0275424157046
FDH09,OUT046,929.0396386026932
FDO08,OUT027,4014.462088851399
FDU14,OUT013,3985.5414614799583
FDD22,OUT027,2998.2933345674496
FDM27,OUT017,2636.5784187478157
FDL02,OUT027,2627.709699555375
NCA17,OUT035,2674.2546116183466
FDE38,OUT019,344.14357626237705
NCG07,OUT049,3132.841751086417
DRC27,OUT013,3716.8515632584767
FDA27,OUT035,3856.3928694775454
FDW40,OUT045,2083.332850682533
DRI11,OUT013,1905.0837785928134
FDN50,OUT046,1522.4553874512237
FDR12,OUT046,2865.1291053116574
FDT34,OUT027,2666.8660192109155
FDW11,OUT035,1031.7983448631514
NCO30,OUT027,5069.641214817208
FDZ34,OUT017,3423.1084037607284
FDU45,OUT017,1910.3795616122923
NCD42,OUT035,773.3972339689775
FDX25,OUT045,2883.7330364201553
NCR29,OUT046,902.6451295802999
FDX43,OUT019,471.4362246712693
FDB04,OUT010,321.88801344901736
FDR49,OUT027,1480.1452379218042
FDS39,OUT018,1978.4352390425506
FDW58,OUT045,1421.8993327507444
FDG22,OUT019,0.0
FDG31,OUT017,1082.8022188900172
NCV53,OUT027,5947.086685319296
DRJ37,OUT035,2595.1615481853623
FDV07,OUT035,1871.812291369203
FDW52,OUT018,2405.2540140351425
FDT15,OUT045,3064.6125578783294
FDD02,OUT018,1615.2377377702608
FDM16,OUT035,1393.4811367512984
NCE55,OUT046,3047.091227183921
FDB57,OUT018,3395.88377623541
FDQ04,OUT013,688.865623608156
FDQ47,OUT019,0.0
FDY14,OUT019,839.0444213410453
DRK37,OUT017,3248.433452711603
FDO25,OUT017,3547.927186482035
FDL57,OUT046,4168.807116956466
NCK29,OUT018,1798.5028645778627
FDK46,OUT027,6129.485152761154
NCB43,OUT010,422.3920878389971
DRE01,OUT027,5829.555222044697
FDC46,OUT018,2845.8691073555124
FDQ23,OUT045,1612.1791766742767
FDX38,OUT049,823.0779082269563
FDG60,OUT018,3545.04503387772
FDW55,OUT017,4150.17590736688
FDP39,OUT013,907.3141371502192
FDB20,OUT018,1012.2918630602417
FDV21,OUT017,2109.6820885563448
FDZ02,OUT013,1533.9654071303494
FDP19,OUT027,3386.7393756383676
FDA38,OUT035,3807.2223908776814
FDH22,OUT045,2023.0710778906416
DRM11,OUT045,3964.6139095353788
FDO12,OUT027,5354.740676627843
FDT14,OUT049,1968.493791448316
FDW34,OUT010,775.0399703446418
FDG04,OUT027,5086.16624933572
FDW59,OUT018,1113.1252222694764
FDR33,OUT018,1400.5380403261504
FDP32,OUT013,2104.6176185359973
FDL13,OUT027,5896.282802299966
FDD22,OUT013,1855.9931879798828
FDV40,OUT027,2035.5665386569449
NCD55,OUT046,812.2307363914243
FDQ20,OUT010,0.0
FDD28,OUT045,719.4519883500235
FDC39,OUT045,3520.745500933177
NCR17,OUT049,2035.1302452683324
DRO35,OUT018,1663.2400713672914
FDF40,OUT049,4129.816699645195
FDR31,OUT018,2189.379806617875
NCQ41,OUT017,3198.005628038208
FDP38,OUT046,834.8755607258946
NCU54,OUT027,5554.978182346433
FDG22,OUT018,433.11923292976593
DRK59,OUT013,3670.1322817630153
FDC37,OUT046,1774.582918350345
NCO42,OUT013,2256.495033612098
NCT42,OUT017,2481.2961848885307
FDX27,OUT035,1588.0788928265629
FDV40,OUT018,892.5506197873284
FDT45,OUT027,1703.6573339814759
FDS47,OUT019,330.5252630287793
FDR45,OUT035,4044.7480077908804
FDB03,OUT045,3813.6544008790006
FDO49,OUT035,914.9277144554757
FDU60,OUT027,4385.215444208918
FDB26,OUT018,616.1136741974453
FDB46,OUT017,3537.690215254202
FDQ37,OUT019,562.8778993693975
FDN03,OUT017,4130.627664436289
NCX30,OUT045,3906.212741320873
FDK32,OUT019,423.16768041149066
DRM47,OUT013,3103.5080009213893
NCO02,OUT046,1147.5463580643736
FDP04,OUT013,1015.7071579657647
NCO43,OUT049,1626.781248856388
FDD59,OUT013,1272.5611745597066
FDQ10,OUT017,2816.4815350438435
FDW45,OUT035,2518.4910345521707
NCK30,OUT049,4004.1644166390984
FDU31,OUT018,3034.706854448115
NCQ17,OUT019,507.4659145823223
FDN01,OUT017,2785.2817161614125
FDZ19,OUT049,2887.0505364045684
DRG37,OUT017,2577.137312442461
FDE32,OUT045,462.85947838568745
FDO34,OUT049,2937.437634544016
FDM04,OUT019,7.224942126905057
FDZ25,OUT049,2917.9446948680206
FDU08,OUT049,1567.8713461095197
NCW30,OUT045,3789.8373032011923
NCM18,OUT013,1070.5567962367154
FDS22,OUT035,780.0866025513795
NCH18,OUT017,3922.2135479948683
FDC23,OUT013,2915.58582906219
FDY46,OUT013,3116.879838294101
NCU06,OUT046,3624.3892272384965
FDX57,OUT045,1465.0088740543683
FDX36,OUT027,5724.302750805158
FDL16,OUT045,864.620945462351
FDT16,OUT010,1410.2690999479742
FDN16,OUT018,1567.148723004407
FDC03,OUT046,3109.952160846295
DRF60,OUT013,3866.7577536387125
FDS27,OUT027,5302.128705866034
FDP33,OUT010,869.976322724501
FDJ36,OUT018,1443.8767968369582
NCR42,OUT013,670.0982031077307
FDV14,OUT017,1356.2217352205776
NCP42,OUT035,3189.574253632881
FDB50,OUT027,2232.6366402430517
NCC30,OUT027,4588.057082101617
FDA23,OUT018,1394.0485510492094
FDW16,OUT017,1698.454546359101
FDQ52,OUT010,704.4634373312003
FDB58,OUT049,2159.2136902400184
NCP29,OUT049,1063.011021824008
NCM05,OUT045,4014.2692558216236
FDO25,OUT013,3672.8199680827906
NCM54,OUT046,2141.9713442316106
NCL54,OUT046,3010.0443951337174
FDL39,OUT010,578.8904264678844
FDF53,OUT018,2628.4907350974777
NCQ42,OUT035,2120.83203095016
FDF58,OUT013,1032.5913527968244
FDZ04,OUT035,1130.6972549326279
FDE26,OUT019,366.25256016038355
FDS60,OUT017,2700.0287542383257
FDV58,OUT017,2899.713161497425
FDM04,OUT045,776.318774270689
FDE08,OUT035,2330.7658930576295
NCB43,OUT049,3069.719889125422
FDU11,OUT010,303.83234502120786
FDF22,OUT019,538.9292954922072
FDE24,OUT013,2162.9349017301984
DRJ49,OUT046,2086.645063048802
NCQ53,OUT035,3986.405104338494
NCL41,OUT013,671.2383457678342
FDR22,OUT013,1783.4626998320493
FDH04,OUT035,1628.9828058294775
DRH15,OUT045,630.8420719623125
FDY40,OUT049,849.7808765848491
NCI17,OUT035,1696.5070398870257
NCC18,OUT013,2877.746687748445
FDY28,OUT027,5332.956226652359
FDB45,OUT027,2636.004257496192
NCL30,OUT018,1816.7970914005082
FDM10,OUT017,2968.752695477001
FDH22,OUT027,3311.6304278834027
NCZ53,OUT017,3153.827258196314
NCI18,OUT013,3708.862546888399
FDH14,OUT027,3466.7522398580945
FDR36,OUT027,1239.226503259329
FDW01,OUT045,2327.982618868559
FDK02,OUT027,3092.6535787891225
FDJ02,OUT018,2208.0543407980676
FDU55,OUT013,4777.767998110483
NCV18,OUT027,2400.2914726092213
FDH14,OUT018,1823.352601685837
FDZ37,OUT045,1492.1260212547186
FDX49,OUT049,3978.5574656488106
NCD43,OUT046,1615.8512682025505
FDZ07,OUT013,831.6265357899794
FDK43,OUT035,2094.4801095638263
FDR32,OUT018,3496.913951267607
FDT39,OUT013,2577.613630713281
NCV54,OUT017,2022.6111191862437
FDF38,OUT018,461.82430840627154
FDV60,OUT046,3104.7494769949303
FDH44,OUT027,3789.9488469768985
FDS21,OUT046,994.7629673765333
NCL41,OUT045,636.4723101851475
FDM46,OUT017,1538.94108834185
FDU27,OUT045,697.06942004533
NCJ54,OUT017,3948.6934645555866
DRG51,OUT018,2395.127819172692
NCA29,OUT019,463.0612414747635
FDR47,OUT045,3069.61176192262
NCL19,OUT027,3547.666770491699
DRG01,OUT049,1230.7053156003858
FDG10,OUT046,892.3518186161672
NCV05,OUT049,2503.530132364697
NCH18,OUT019,736.7050646455422
FDV14,OUT018,1066.901151298827
DRJ23,OUT035,3222.2938086382396
DRJ11,OUT046,3101.898398948578
FDZ03,OUT017,3157.565281731583
FDI27,OUT010,0.0
FDJ14,OUT018,1029.873670458627
FDU32,OUT017,1999.5535048186612
FDD47,OUT027,4523.970384416536
DRF36,OUT035,3327.130432755512
FDM21,OUT046,4084.4355817439123
FDV10,OUT018,330.4553350370529
FDH60,OUT018,2822.220470917088
FDX47,OUT010,409.7707056200887
FDT19,OUT019,380.8370750877069
FDO11,OUT045,4044.01665377058
FDH24,OUT027,4033.015496082773
FDL02,OUT018,1372.2017515285527
FDB02,OUT049,2896.3186461634355
FDA43,OUT046,3083.3605385469386
FDG52,OUT045,745.17001714317
DRC12,OUT013,3091.8824514074463
FDY37,OUT018,1971.2892613929694
NCU18,OUT045,2126.052396399859
FDU09,OUT035,937.4230803966118
DRJ25,OUT027,1488.3473065324874
DRE12,OUT018,1512.1835283088008
DRL47,OUT017,2108.904310862478
DRK01,OUT046,1443.8512393630579
FDC22,OUT019,498.3647638316115
FDG44,OUT013,859.6472390547775
FDW04,OUT035,2139.261239717402
FDK09,OUT049,3788.51218993232
NCN43,OUT035,2096.4170553833096
FDG04,OUT049,3138.2841780593803
FDH32,OUT010,386.2961747231498
DRI47,OUT017,2478.428724006116
DRE15,OUT013,1164.4121307655148
FDY11,OUT035,1266.3267696239504
FDO60,OUT049,694.5718213184441
FDQ20,OUT018,416.35815859518067
FDO57,OUT027,4106.949680781152
FDT14,OUT019,355.92831740861334
FDA57,OUT049,725.4636464232049
DRN35,OUT017,733.8691434686367
FDJ03,OUT046,792.1201581202901
FDX28,OUT017,1570.2887592315901
DRE25,OUT045,1420.4076005225327
FDR09,OUT046,4023.783765377889
FDB23,OUT035,3784.7909713617078
FDO08,OUT045,2495.458821864659
FDQ23,OUT049,1686.9174707264356
FDW04,OUT013,2064.608435832414
DRK13,OUT010,478.27842045780744
NCL17,OUT027,3581.4745755946606
FDY21,OUT035,3222.124756697361
FDJ38,OUT027,5273.533543845758
FDA37,OUT019,359.059212825945
FDV43,OUT013,616.6279773145181
FDL36,OUT046,1540.143342749789
FDD53,OUT045,616.5717044930532
FDZ19,OUT010,360.75073171390284
FDV21,OUT045,2007.821825705784
NCL54,OUT018,2756.3043506211698
DRI47,OUT027,3779.443903627485
DRG03,OUT049,2463.8289130006506
FDG21,OUT013,2467.8633179359326
FDW03,OUT018,1407.2274089085527
NCI55,OUT046,2219.2592338586055
DRC36,OUT019,390.97185208235766
FDH22,OUT017,2109.6820885563448
FDV20,OUT045,1994.187070449592
NCU41,OUT027,5342.060921728074
FDN46,OUT027,2674.5635015041785
FDK50,OUT045,2599.689669822194
NCA05,OUT027,3763.9117607618496
DRH01,OUT018,2533.953017718011
FDT08,OUT018,2139.5965324171093
FDM08,OUT018,3285.765319269275
FDZ07,OUT035,1010.6267959799563
FDS22,OUT017,838.7788078142034
FDV35,OUT027,3860.871636041935
FDI28,OUT010,131.83407632591235
FDW58,OUT027,2663.5103418123485
FDT52,OUT045,3812.2138270326154
FDY34,OUT046,2843.657874403359
FDR10,OUT046,2530.0903739502255
FDK57,OUT017,1998.84775790003
FDR02,OUT027,2679.042484677984
FDX49,OUT046,3840.9219626563254
FDQ20,OUT046,670.0982031077307
DRK23,OUT045,4031.274921757039
NCW06,OUT046,2972.7714103366266
FDR31,OUT017,2478.7003905396246
NCE43,OUT013,2686.6124821771145
DRO59,OUT027,2216.0176229009858
FDN09,OUT049,3865.714424418351
FDR11,OUT046,2595.5746265178036
FDO57,OUT013,2647.0957875677964
NCX18,OUT017,3186.2890410819323
FDB05,OUT018,3833.7459720491365
FDQ08,OUT018,660.4628885152599
NCG43,OUT035,1502.59923011018
FDJ56,OUT013,1768.2564875469711
FDA13,OUT010,0.0
FDO56,OUT017,2018.2938621108979
FDB37,OUT018,4005.0177409741027
FDZ02,OUT018,1283.5506316570193
FDQ24,OUT046,4027.6110348786588
FDM16,OUT013,1338.1459536694297
FDU35,OUT049,1597.6310703053716
FDT35,OUT035,2756.9376173781234
NCX30,OUT049,3850.1083744246594
FDG04,OUT017,3150.156894672926
FDI12,OUT035,1461.7155359914193
FDE35,OUT035,1039.9531543352525
NCP14,OUT027,2629.9518940650532
NCY53,OUT045,1731.337534646627
FDP49,OUT017,959.700525283195
FDQ04,OUT017,717.2411026332474
FDM39,OUT035,3074.7241872535883
FDO58,OUT019,292.4461046135668
FDC56,OUT017,2089.4987097885733
NCQ54,OUT046,2827.99521921154
FDV10,OUT027,1149.4799370574754
NCK17,OUT046,1000.6756758886224
NCF55,OUT027,1384.6963639218632
FDV33,OUT013,4035.887355192878
NCH29,OUT019,370.79677995150905
FDA37,OUT027,3291.805782287608
FDH46,OUT018,1419.4842410398512
FDS25,OUT035,1950.7651602428537
FDH04,OUT027,2472.083880138763
FDX52,OUT046,3109.7983924254863
NCD42,OUT017,753.6726871258386
FDW47,OUT017,2084.358158717168
FDL25,OUT027,2529.876930975354
NCJ06,OUT010,252.2388372769262
FDY09,OUT013,2810.9371240612827
FDS40,OUT046,702.4641470448163
FDH41,OUT017,3519.188420766991
FDG38,OUT035,1456.7974377232574
FDU03,OUT027,4877.67102012195
FDV20,OUT046,2037.8846691243564
DRB13,OUT045,3072.541222797697
NCQ30,OUT013,1877.5477107745492
NCH06,OUT013,3739.8506257363183
FDU50,OUT018,1658.0331026626668
NCO42,OUT019,420.04878952580367
FDW09,OUT018,984.0325991889569
FDH04,OUT013,1490.3577074812695
FDC21,OUT045,1611.9205081294974
FDL21,OUT049,710.5671002379723
FDM46,OUT010,380.2320725134837
FDT22,OUT019,102.09311882202316
FDB28,OUT035,3074.2496447446156
FDI12,OUT018,1151.0295132383637
FDA28,OUT045,1916.0002694672282
FDF59,OUT013,2053.863858760482
FDM45,OUT027,3215.6386388877127
FDQ56,OUT017,1446.8392118872985
FDR46,OUT049,2463.8289130006506
FDT01,OUT013,3549.6233417433727
FDD16,OUT027,2297.2337102723704
NCU30,OUT010,337.86618564248244
FDM40,OUT010,391.2689111328776
FDI56,OUT035,1741.7949833455907
NCS30,OUT013,2008.0975179552881
FDU08,OUT017,1590.606339528753
FDX51,OUT027,5363.734216833695
FDA43,OUT045,2989.2918401086454
FDX59,OUT010,0.0
FDC37,OUT018,1477.804646656005
FDP58,OUT013,3561.4650646672453
NCY42,OUT035,2212.400865839028
FDF21,OUT018,2859.5997338408465
FDU10,OUT027,1169.6640602543634
DRL47,OUT018,1800.2360093080838
FDA58,OUT018,3588.6801667210607
FDJ22,OUT049,3118.442662168966
FDK50,OUT046,2619.118436643478
FDO38,OUT035,1341.9375070441968
DRF60,OUT035,3941.4105575237004
NCZ42,OUT019,866.6715984879875
FDD35,OUT049,1896.7142925764317
FDL25,OUT045,1502.5192892216926
FDJ16,OUT013,1042.92412143864
DRK59,OUT049,3859.093653902329
FDI50,OUT046,3853.718825097678
NCB19,OUT045,1312.7203664515002
DRI37,OUT035,1085.1349835663157
FDA14,OUT027,3748.9278342386306
FDC08,OUT018,3462.633579785386
FDS45,OUT046,1792.5793737509546
FDI21,OUT049,1092.5326577597868
DRJ47,OUT035,2939.4902688581315
DRE37,OUT027,5183.632980524416
FDT55,OUT018,2586.818631100166
NCG42,OUT027,3395.5474300256838
FDA31,OUT049,2746.0458964677255
NCW42,OUT046,3722.898915805237
FDF50,OUT017,3173.6604708946998
FDK56,OUT049,3348.224401954948
FDX10,OUT035,675.4618289347629
NCK07,OUT027,3953.436333249086
FDZ49,OUT017,3717.2733134927576
FDR33,OUT013,1697.3163120204906
FDO44,OUT018,1604.5553800007074
FDA20,OUT046,3118.5120444487507
NCL30,OUT045,1943.419995493227
FDI05,OUT019,138.22298948824607
FDQ12,OUT018,3471.3022094706835
FDH47,OUT017,1609.716712838929
FDH34,OUT018,2964.4746559072987
FDF29,OUT046,2073.4511064797352
FDG40,OUT018,405.68587535047493
NCE18,OUT017,4075.3620965857276
FDP21,OUT010,520.7148458093187
FDY50,OUT013,1365.711713431906
FDB36,OUT049,2186.977257318931
NCZ29,OUT049,2073.1248271959666
FDU20,OUT018,1592.2974954299018
FDO56,OUT013,2025.7515498834875
FDW31,OUT049,3011.475073586681
DRH59,OUT013,1196.1084473533945
NCB30,OUT017,3079.4345850374893
FDK43,OUT027,3248.424621323018
FDW43,OUT045,3735.560372580024
NCL19,OUT017,2197.967224796984
FDJ27,OUT046,1600.8343785227423
FDC45,OUT046,2714.4311154971906
FDY40,OUT035,853.5961427851529
NCM41,OUT035,1585.0900301246986
NCK18,OUT019,327.85923254631854
FDP37,OUT049,2161.7431268351097
FDA27,OUT027,5744.28821805053
NCX30,OUT035,3901.053355513991
FDR09,OUT017,3986.990824536367
FDG08,OUT027,4586.743595453188
NCU30,OUT013,2588.650973724384
FDB16,OUT017,1651.3692943634226
FDM16,OUT017,1482.2928955542022
FDC48,OUT013,1281.0158340960093
NCF18,OUT046,3130.3372774118184
FDU46,OUT018,1127.676484758558
FDH41,OUT018,3154.4826055058265
NCN42,OUT010,412.86257970954216
FDU49,OUT046,1357.3185344443582
FDB20,OUT027,2275.6748674248433
FDG50,OUT019,430.0781694055039
FDW20,OUT045,1824.15769150969
NCO55,OUT049,1797.8016418130949
FDX48,OUT046,2481.3089943000778
FDU48,OUT046,2098.6042410400264
FDR48,OUT019,416.47831182908857
FDK27,OUT013,2006.277495028434
FDT35,OUT013,2609.654014761087
FDN12,OUT049,1685.3393993104723
NCE31,OUT019,0.0
FDL21,OUT017,722.4398168515175
FDV56,OUT017,1814.4811970978574
FDR16,OUT017,4199.501154202194
NCP41,OUT049,1661.5956972750544
FDJ27,OUT013,1600.8343785227423
FDA07,OUT017,2073.470827462842
FDK55,OUT049,1569.0670057793334
FDM33,OUT049,3761.482039874219
FDY46,OUT046,3116.879838294101
FDD36,OUT046,1890.5012627466376
FDB12,OUT027,2660.596661045218
FDF28,OUT019,172.3783313966824
NCE07,OUT019,253.96298392504625
FDW50,OUT027,4049.6332739947716
NCW18,OUT017,3936.164469248848
NCJ17,OUT019,421.51286578201297
DRZ24,OUT010,343.1748466165451
FDS07,OUT035,1962.874638233901
NCW05,OUT010,344.70947160774705
FDZ22,OUT018,1024.7939038490365
FDK02,OUT046,1911.1478808024797
FDZ45,OUT027,5391.151512341002
FDL25,OUT046,1489.5774660149748
FDS08,OUT045,2643.519935219382
NCZ42,OUT027,6066.966351182422
FDX57,OUT035,1619.3206397469426
FDF21,OUT046,3140.7643466033737
FDJ56,OUT018,1405.2212223881513
FDX10,OUT013,600.8090250497756
DRG48,OUT035,2554.4751134540284
DRN37,OUT046,2762.9558719075403
NCY41,OUT018,402.51437473206477
FDN28,OUT045,1521.9646891716802
FDE34,OUT045,3078.9447187328187
FDR10,OUT045,2533.749872981314
FDC32,OUT017,1492.260968748508
DRG13,OUT046,2638.209722064285
FDP59,OUT049,1436.8723247649411
NCT53,OUT010,279.0491298221648
FDL57,OUT027,6111.1569202613255
FDN32,OUT010,499.32644919069253
FDK09,OUT018,3457.3038909744655
FDA52,OUT010,519.6885672066851
FDC57,OUT049,3130.4786472638757
FDI09,OUT035,3889.6536028629753
NCB07,OUT046,2970.7866056539715
FDP26,OUT035,1724.8394010164513
FDP40,OUT027,2785.7962104568846
FDL15,OUT013,2464.18642482289
FDV07,OUT046,1724.9578195450335
FDS03,OUT017,1078.1263010778955
FDE50,OUT049,3140.115957274587
FDQ15,OUT017,1280.8272553004895
FDQ33,OUT010,450.6028964302381
FDT22,OUT013,873.0643181469925
DRO35,OUT035,1991.632919764828
FDJ41,OUT049,4127.907590867143
FDQ27,OUT035,1745.3237335445676
FDC26,OUT017,1894.8989964283032
NCF43,OUT027,3420.7926713347492
NCR50,OUT035,2533.7402867370283
FDE39,OUT018,1799.373997734845
FDN49,OUT027,1212.9098929165739
DRG11,OUT035,1760.8007641492711
NCA18,OUT049,1939.6476149976672
FDM36,OUT018,2600.9178855741147
FDW32,OUT017,1350.4090630141848
NCQ18,OUT010,472.49651262792406
FDX14,OUT027,2212.1014053822278
FDD46,OUT017,2457.3806952732316
FDI34,OUT019,802.9715949038255
NCJ17,OUT035,1597.4924876983841
FDB52,OUT035,4108.937880658584
FDV55,OUT018,2355.646691854251
FDC57,OUT046,3149.809051650011
FDB29,OUT046,1860.0093593195775
NCO43,OUT035,1713.687593078539
FDG44,OUT045,815.949640380011
FDJ34,OUT045,2063.349302579688
FDH40,OUT049,1284.6166730460398
NCD07,OUT027,2659.5542773134994
FDB41,OUT017,773.2095850089896
FDH47,OUT018,1290.9732396726324
DRK37,OUT035,3287.505717187389
FDM25,OUT019,396.83083373469503
NCX06,OUT045,2982.623064702458
NCS05,OUT017,2120.2647267341003
FDS39,OUT045,2181.1448122985958
FDC47,OUT027,5727.189133254096
FDG20,OUT013,2907.316408540063
DRL23,OUT017,1657.4388603757495
FDY33,OUT013,2651.0125655134766
NCH18,OUT045,3835.602537329165
FDX47,OUT035,2561.1644820364304
NCB06,OUT045,2465.5184359820464
FDP36,OUT049,858.3311046929068
FDW44,OUT018,2603.621526670374
NCU41,OUT018,2816.895495650001
NCS17,OUT046,1811.0502006111142
FDD46,OUT035,2539.4911869308094
FDE45,OUT017,2969.766027114158
FDI09,OUT017,3844.754089686697
NCJ54,OUT010,739.6447496560734
NCA29,OUT018,2581.432763316331
NCN41,OUT027,3224.481413170946
FDY34,OUT035,2918.310678288347
NCG55,OUT035,2118.938076359635
DRM49,OUT046,701.916687593577
NCB42,OUT049,1905.926585941099
FDE58,OUT045,1786.599468608689
DRJ25,OUT013,814.2811124937618
FDS47,OUT010,325.1964703996686
FDY21,OUT049,3171.1797756080296
NCI54,OUT013,1858.8036529487108
FDO24,OUT017,2623.101404029288
FDY43,OUT035,2729.1194976962943
FDF35,OUT018,1473.4447561010884
NCP29,OUT019,86.14814933809039
FDN28,OUT027,2554.721333085676
FDJ50,OUT018,599.801201811795
FDQ14,OUT027,3764.459977104266
FDC37,OUT035,1849.2357222353328
FDN08,OUT046,1788.9160108236856
FDD04,OUT035,2250.6419887676434
FDW34,OUT018,3555.954786526197
FDP04,OUT017,1060.219260467046
NCG07,OUT017,3125.9889909717112
NCN14,OUT018,2834.602321294482
FDJ16,OUT045,1005.7117210628105
NCM42,OUT045,1615.5044457134954
NCF19,OUT046,831.1961111115999
FDY21,OUT018,2884.014165694327
FDY19,OUT035,1921.2981910069777
FDV09,OUT045,2346.0185325915104
FDA28,OUT013,2001.892712018991
FDC38,OUT018,1881.8331944111883
FDL28,OUT045,3655.61240450871
NCH43,OUT049,3044.4941936427626
NCN53,OUT045,669.3484280115971
NCW05,OUT017,1640.4514102626385
NCO30,OUT018,2829.947215093779
FDT04,OUT019,0.0
FDB27,OUT018,2577.3662839104004
NCK07,OUT013,2584.663988225683
NCA53,OUT013,817.7991363201978
FDB33,OUT018,2409.8324357463507
FDU37,OUT017,1426.3581216333855
FDR13,OUT035,1986.4259510602035
FDE45,OUT049,2942.644058315755
FDV37,OUT017,3230.1321791670866
FDX44,OUT019,415.09424288228485
NCL06,OUT017,3907.3481044437945
FDJ28,OUT045,2963.7704516976223
FDX55,OUT049,3745.292449271592
NCK17,OUT018,505.9813680330991
FDH52,OUT035,1032.3014359223532
FDN13,OUT027,2604.8384976248685
FDK44,OUT018,2620.968411603757
FDU16,OUT046,1372.9258563911612
FDZ07,OUT017,957.259143783862
NCN06,OUT027,3972.8315115985965
FDH02,OUT010,430.70343577823985
NCW18,OUT045,3896.683173472172
FDH57,OUT013,2133.069031019198
FDV35,OUT045,2418.4450665578324
NCU29,OUT013,2464.3229147974
NCP02,OUT046,955.8216661383672
FDN44,OUT013,2632.5154114348798
FDX03,OUT018,409.20374331446686
FDR11,OUT010,313.9639690036875
FDA36,OUT046,3125.0562267425444
FDP58,OUT027,5458.358880879205
FDH31,OUT045,1512.9231130731432
FDH34,OUT035,3394.397139599219
FDS13,OUT035,3967.3441193837925
FDT01,OUT018,3246.915669832475
FDY09,OUT049,2834.644946856939
FDV33,OUT027,6034.690280982371
NCW29,OUT010,269.23842304842935
NCN17,OUT045,1718.4097698540675
FDX01,OUT046,1805.8615108806503
FDL03,OUT049,3174.2226213642984
DRL59,OUT049,914.702004406268
DRM11,OUT027,6050.309003241103
FDA43,OUT049,3064.0301341608033
FDZ56,OUT010,583.9633325725291
FDI44,OUT018,1029.4243120703018
FDB50,OUT013,1256.9745697952246
FDU15,OUT019,0.0
NCJ19,OUT019,122.23618572276932
FDD48,OUT013,1870.9771145031018
NCW42,OUT035,3751.786398116513
FDL24,OUT017,2908.191362776981
NCB30,OUT013,3043.8540456282876
FDK25,OUT013,2703.5440562007584
FDW28,OUT049,3004.925160583795
FDD47,OUT017,2865.7013519376055
FDK16,OUT019,514.9555631547414
FDW37,OUT046,1543.3981850050836
FDA48,OUT035,3778.302436362401
FDA14,OUT017,2510.2985994317005
FDV15,OUT013,1636.1374276014546
FDN22,OUT049,4030.127794695514
NCD55,OUT045,739.7756736720302
FDY43,OUT013,2654.4666938113064
NCU05,OUT017,1313.8692791132905
FDF10,OUT035,2433.566588056606
FDR39,OUT018,2968.82657746756
FDG40,OUT013,702.4641470448163
FDZ28,OUT019,172.3783313966824
FDE02,OUT045,1464.5869098074445
FDU60,OUT049,2716.9478753140456
FDM21,OUT013,4075.504018651832
FDV52,OUT019,415.88049579402474
NCW06,OUT013,3027.9753765955397
FDX36,OUT035,3907.960908311047
FDT35,OUT027,4338.2988420508445
NCL19,OUT010,406.0494024676746
NCD31,OUT046,2507.8632237483966
FDE53,OUT019,353.0631020897936
FDW58,OUT019,376.28897682110653
DRF48,OUT046,3149.028113837605
FDW57,OUT035,2982.0814357984955
DRH13,OUT017,1698.7901873399808
FDT33,OUT013,2713.426662892973
DRK47,OUT027,5693.0824691643875
FDY22,OUT010,365.6090561610498
FDC35,OUT019,527.9740564669537
FDO03,OUT013,3869.250967963313
FDF24,OUT045,1228.1839751843665
FDF56,OUT018,2827.3884376561814
FDD28,OUT013,763.14958702479
FDG53,OUT027,3414.143781281172
FDO27,OUT019,354.2635832817035
NCF54,OUT018,2683.2530159701078
FDC20,OUT027,1703.3920083198373
FDU10,OUT046,599.0507101173802
DRA24,OUT018,2370.960696981029
FDA02,OUT010,415.8348078297548
FDG10,OUT017,884.8941308435775
FDW39,OUT010,656.3356857709579
FDP04,OUT019,102.88940135737921
NCM55,OUT013,3326.1018424380118
FDG47,OUT045,4035.7403334563605
NCU41,OUT017,3133.64064782173
NCK31,OUT017,872.472157113227
FDZ46,OUT045,1615.769771375134
FDU13,OUT027,3733.678582053773
NCF19,OUT045,744.4602852550422
NCJ43,OUT013,2367.4486556052852
NCJ05,OUT045,2403.9764353507708
FDS04,OUT027,3392.858520441943
FDX28,OUT010,286.89228566817354
FDB41,OUT027,1356.4111693703264
FDG53,OUT046,2117.847456261946
FDL15,OUT010,398.8589011180412
FDQ08,OUT049,927.0484790177773
DRN36,OUT013,1524.6111998841538
FDI46,OUT013,4014.214060087257
FDG16,OUT027,5729.132499223755
FDV32,OUT013,1018.1818029080268
FDF44,OUT010,295.9658393747039
FDK04,OUT018,652.6232862877232
NCA41,OUT013,3146.8929457633712
FDD51,OUT017,689.3304226783976
NCZ53,OUT045,3067.2162475306104
FDP01,OUT027,3735.6298217231756
FDY25,OUT049,3005.6010453613403
FDB17,OUT018,2766.1091149871263
NCV54,OUT018,1659.9079775100518
FDJ32,OUT017,1066.564427324911
FDA37,OUT049,2149.674297991912
FDG35,OUT035,2739.4056939521893
NCM05,OUT018,3837.3988633717436
FDG45,OUT046,3578.3285372625937
FDH28,OUT013,559.7222426492406
NCE18,OUT049,4209.955460019965
FDH38,OUT045,1837.0230676522965
FDR56,OUT013,3401.487501384142
FDH17,OUT027,2619.929772806636
FDD39,OUT049,3650.6324132582813
FDB41,OUT049,780.4919368188092
NCR53,OUT046,3688.4003802925554
FDX46,OUT017,950.9084926170434
FDV28,OUT049,629.1953870186087
FDA08,OUT018,2307.9985007934706
FDH45,OUT017,707.4558903282983
NCS38,OUT010,432.0158753124624
FDD40,OUT010,494.749031712065
DRM59,OUT035,2506.3146410503455
NCJ43,OUT018,2109.893036325726
NCN29,OUT013,815.6967163399592
NCC19,OUT045,3067.481573192249
FDR56,OUT035,3467.921379383802
FDZ43,OUT049,3395.948073704205
FDJ32,OUT010,88.0403973275188
DRH03,OUT017,1546.0177656489125
NCZ54,OUT035,2838.9798159231696
FDE26,OUT017,2457.3806952732316
FDS03,OUT045,998.8481629939273
DRZ24,OUT019,349.23894882621124
FDO48,OUT027,5461.457654760749
FDW39,OUT049,2954.7488715512645
NCK05,OUT049,1060.5645323970873
NCK30,OUT017,4016.037133252644
FDT27,OUT018,3292.6154860074867
FDS08,OUT019,444.1245866972319
NCJ19,OUT049,940.4273389927135
FDC58,OUT045,657.1819994834568
DRE37,OUT013,3203.1115233603405
FDW02,OUT035,2206.609180674672
FDJ02,OUT010,427.81746645047167
FDX09,OUT045,2947.682541654906
FDT31,OUT010,347.0550231928198
FDI24,OUT049,2910.9378879619157
FDY09,OUT045,2780.7852242773706
FDV28,OUT045,514.6602506591587
DRM47,OUT049,3130.5410927562643
FDT52,OUT019,711.1528059136024
FDI48,OUT018,587.7327728828241
FDY55,OUT017,4781.750965496295
FDU48,OUT013,2098.6042410400264
FDN25,OUT045,897.1300529065643
FDP20,OUT049,2073.722853219182
FDJ15,OUT013,3116.8553971059255
FDD04,OUT018,1856.3760219965948
FDY58,OUT045,3768.492900942618
FDR37,OUT018,2912.0226336800424
FDF44,OUT013,2076.3896293840817
FDD32,OUT045,1228.1839751843665
FDR57,OUT017,2572.9754552641293
DRG39,OUT027,1809.7432130665327
FDX15,OUT017,2646.7593996708447
DRN37,OUT045,2639.2946019189903
FDW40,OUT027,3466.3532627797895
FDB32,OUT049,1495.3721786581818
FDM40,OUT018,1876.8793663818503
FDE39,OUT027,3287.5290650742118
DRH49,OUT017,1288.141565309588
FDT46,OUT049,809.3611707500461
NCF06,OUT035,3642.7918096460758
FDP07,OUT017,3109.3502080528483
FDC04,OUT013,3822.355127928579
FDZ32,OUT017,1743.4017947791062
FDD50,OUT045,2659.4667307613945
FDU56,OUT017,3267.181959753756
FDV34,OUT017,1245.5941090699503
NCY41,OUT013,699.2926464264061
NCK18,OUT046,2661.3037116447454
DRH25,OUT049,891.1673333571392
FDT57,OUT046,3910.7812278732363
FDV56,OUT018,1525.1606131761068
FDV12,OUT045,1453.9054872420666
FDN52,OUT017,1390.2007162522802
FDX38,OUT035,874.0228893162873
FDE47,OUT018,1818.7078557532232
NCO07,OUT013,3355.624646711104
FDV09,OUT027,3716.409026718943
FDZ23,OUT019,498.3647638316115
DRH51,OUT018,1110.8788065316985
NCY54,OUT045,2899.8516275121024
DRG49,OUT013,3898.9035420045207
NCC19,OUT049,3169.8743047760186
NCV53,OUT045,3830.71120890543
FDZ47,OUT019,415.1241337693165
NCO26,OUT018,1605.5784125065527
NCP02,OUT045,929.2715711226755
NCW30,OUT018,3749.697228799408
NCN55,OUT046,4128.883435984876
FDB20,OUT010,215.1385589151568
DRL11,OUT013,2451.00507278786
DRD60,OUT045,3136.642851996223
FDW14,OUT010,370.9473717088063
FDL27,OUT010,61.42914752280885
FDU09,OUT018,617.9617950911547
DRH36,OUT027,2179.5367063203485
FDP34,OUT027,4056.586976196576
FDE04,OUT017,2927.50002227805
FDZ57,OUT027,3416.5149782126737
FDF02,OUT010,361.3050502978875
FDG28,OUT045,3706.9382736555385
NCI31,OUT046,717.6401135725866
FDT43,OUT013,839.0700510631311
FDU20,OUT046,2076.197565268667
FDD53,OUT013,702.4641470448163
FDW15,OUT045,2391.83627591305
NCT53,OUT045,2571.662575495517
NCG55,OUT027,3180.5213168525493
FDD48,OUT035,1948.9551874273084
FDG47,OUT049,4077.44460657365
FDI21,OUT017,1104.405374373332
FDT27,OUT017,3515.8042154113214
DRO35,OUT013,1913.6548468406215
FDD33,OUT017,3945.663698182664
FDC04,OUT035,3905.939494905647
FDY34,OUT013,2834.726311311279
DRJ49,OUT049,2096.1796529658454
FDE05,OUT049,2466.2612866764816
FDU31,OUT017,3450.2081749290687
NCN19,OUT027,5219.136996182586
FDK56,OUT027,5318.43501111477
FDK58,OUT017,1688.694110238047
NCJ42,OUT035,1682.2507691303451
FDZ34,OUT027,5629.651262854924
FDA52,OUT018,2628.6545980257233
NCR29,OUT013,893.7135664882201
FDT48,OUT035,3400.2832704262123
DRJ51,OUT019,724.121144421389
NCS54,OUT046,3034.1300582114022
FDV01,OUT035,2521.7173467262364
DRG51,OUT027,4073.5487636100706
NCG42,OUT013,2117.403742330257
FDA51,OUT049,1904.964900582018
FDV19,OUT010,320.02807121335366
NCT18,OUT045,3073.8016650770264
NCS41,OUT045,3064.2649024834777
FDO03,OUT046,3853.718825097678
FDL12,OUT010,59.395714438597736
FDY37,OUT010,490.6077896466578
FDI58,OUT049,1561.2638246268632
FDT28,OUT018,2074.9102719258894
NCC42,OUT010,358.9196875786477
FDO01,OUT017,1917.85994515611
FDJ02,OUT013,2461.7943853106153
FDQ04,OUT018,412.6712665266386
DRL47,OUT013,2061.42847925003
FDZ32,OUT035,1763.1263416222455
FDC35,OUT035,3622.2188841410743
FDX14,OUT045,1084.9768824130322
FDZ35,OUT013,1717.7542952833753
FDL14,OUT013,2486.5116781514425
FDO04,OUT049,916.9746191685714
DRK11,OUT017,2483.257060612434
FDB44,OUT018,3179.9145646185393
FDZ50,OUT049,3147.056958433353
FDI12,OUT027,2376.12177734566
FDU43,OUT017,3891.2629844331877
FDD58,OUT010,380.2320725134837
FDB27,OUT017,3094.581564721514
FDB04,OUT018,1098.5060827332784
NCO17,OUT013,2035.0255769778526
FDL12,OUT017,928.7832854745734
DRJ13,OUT049,2625.9900555224594
FDD57,OUT045,1454.5017689236452
FDW19,OUT035,1939.6375969806463
DRD27,OUT018,1313.7674868366958
FDH27,OUT027,3774.3056291854145
NCW30,OUT027,5984.571686049652
FDR40,OUT018,1049.6588165772096
FDG05,OUT013,2444.2724134926416
NCY41,OUT019,0.0
FDI38,OUT018,3261.65580124431
FDR20,OUT046,677.5533671051899
FDE09,OUT017,1658.405406532927
FDN50,OUT019,396.556021002267
DRF27,OUT045,2346.835703326454
DRF51,OUT013,656.254419244615
NCO02,OUT019,201.59636875822238
FDB51,OUT027,1778.826991345561
FDJ50,OUT013,850.2159772851257
FDN52,OUT013,1351.2949078038598
FDX14,OUT013,1256.9745697952246
FDT27,OUT019,475.0999344117221
FDV10,OUT013,578.8665869204921
FDU33,OUT046,711.6081633904173
FDU58,OUT046,3123.571694054199
NCP42,OUT027,5348.113285159213
FDL51,OUT027,5441.112642842166
DRH15,OUT027,1346.9823317588164
FDU16,OUT017,1598.5272927373305
FDW15,OUT017,2471.1144139970174
FDQ44,OUT045,1854.0194026164013
NCI06,OUT027,4804.350946613639
DRK23,OUT019,847.1185241843809
FDC28,OUT035,1609.3610237073763
NCY17,OUT019,81.70740433057547
NCV05,OUT018,2226.082265056493
FDM34,OUT019,367.5016549020023
DRD60,OUT027,5099.908318611291
FDT38,OUT046,1352.721663744434
FDQ57,OUT018,2260.351857259805
FDE59,OUT027,1205.7833403402103
NCM43,OUT046,2628.965609968285
DRI51,OUT049,2876.078466388024
NCG30,OUT017,1937.4271024818195
NCK54,OUT035,1984.9445198076069
FDQ16,OUT019,521.2146256152143
FDI36,OUT013,3283.7469625445583
FDX16,OUT027,3928.1851271886044
FDA34,OUT046,3151.550920188326
FDJ48,OUT018,3541.5504518320336
FDU47,OUT035,2159.0674112026386
FDS39,OUT046,2232.1752835550974
FDD11,OUT046,4025.981315901705
FDM16,OUT027,2185.008178208986
FDU56,OUT018,2943.103935000291
FDQ32,OUT017,2088.7123043306196
DRK35,OUT013,729.0699991099278
FDA58,OUT049,3780.5209021539345
DRG48,OUT019,431.4622383523076
FDT59,OUT010,677.0774429784547
FDQ31,OUT019,436.41393814867774
FDS51,OUT018,803.2152670449437
FDW32,OUT027,2386.273043037609
FDI15,OUT027,6324.098082297019
NCV30,OUT017,904.775615396983
DRG25,OUT049,3189.3793857627184
FDT02,OUT013,682.1307845838173
FDO33,OUT027,3050.9924403926757
FDP38,OUT035,909.5283646108819
FDZ45,OUT035,3191.3125709402825
NCA54,OUT027,4982.584879529994
FDU33,OUT017,801.9149453564373
FDN58,OUT017,3801.439170109845
FDI05,OUT045,1120.4180929109668
FDM57,OUT019,270.0383167543727
NCS42,OUT027,2421.1144271269213
FDB57,OUT045,3658.7293286460135
FDC03,OUT045,3058.9216895897935
FDZ58,OUT013,1932.8939162188942
NCK29,OUT045,1983.5056121894268
NCR53,OUT045,3637.3699090360537
FDE26,OUT027,3764.459977104266
FDU52,OUT049,2461.2016370710335
FDE41,OUT027,2238.406021736628
FDU38,OUT018,2940.1900814784776
FDA52,OUT017,2887.4591125586185
FDW46,OUT046,1030.086232392599
DRI59,OUT035,3733.3939029937
FDT38,OUT035,1427.3744676294218
FDL33,OUT018,2838.4406118305315
FDQ01,OUT027,6000.350743332326
FDJ08,OUT046,3019.250485392814
FDQ47,OUT049,673.2546358312712
NCZ18,OUT013,4187.151467702676
FDE29,OUT017,989.9242429647768
FDF10,OUT027,3652.471276020397
FDC48,OUT049,1313.6552199837456
FDY58,OUT013,3862.561599380911
NCX30,OUT010,720.8816421996534
FDV11,OUT013,2841.0132513443873
FDT46,OUT046,785.6533479543898
DRD01,OUT019,96.56481289046813
FDQ11,OUT013,3715.687917664337
NCM41,OUT017,1551.3465582780232
NCC55,OUT013,782.4854417614877
FDG45,OUT027,5441.745235379031
NCQ54,OUT049,2942.6798338402637
FDM34,OUT045,2096.286329214802
FDD17,OUT019,795.451040084434
FDN38,OUT027,6211.67739634427
FDB53,OUT018,2227.6668139430853
NCL06,OUT035,3946.4203689195806
NCV18,OUT019,335.27110647215693
FDX25,OUT013,3187.267808042363
FDB39,OUT046,982.7529676950194
FDC33,OUT049,3132.295590326636
NCO14,OUT018,404.10132646388195
FDA58,OUT027,5899.956970430271
NCQ02,OUT017,3165.8598396724
NCR53,OUT017,3881.02304419266
FDN52,OUT046,1354.6201768430785
FDG26,OUT046,4088.006059440628
FDE23,OUT027,1470.2209610040336
DRI37,OUT013,977.47885116094
DRH37,OUT018,2446.7406185798454
FDO01,OUT035,1979.9198597413647
FDK45,OUT049,1940.2026477745512
FDP23,OUT049,3546.5172419282276
FDM33,OUT035,3683.6394279447845
FDD36,OUT017,2017.1167773382936
FDL56,OUT017,1511.9034959893938
FDT27,OUT010,461.7029596203202
FDG52,OUT017,707.5286170651634
NCL42,OUT035,4110.550127006226
DRJ24,OUT046,3134.044187314386
FDV38,OUT046,869.522204814676
FDT35,OUT045,2638.58721481837
FDY51,OUT045,3523.8315682021453
FDC37,OUT017,1767.1252305777552
NCP43,OUT013,2837.3960959785863
FDO33,OUT045,1871.0587973400084
FDW04,OUT018,1810.8683913198674
NCC31,OUT046,2308.0362745817047
FDK22,OUT049,3515.5375353573972
FDJ50,OUT017,949.5799467546123
FDV13,OUT017,1488.7348397680946
DRL60,OUT017,2472.3646217964506
FDW03,OUT017,1696.5479928303032
FDY27,OUT035,2923.0203216070627
FDB39,OUT027,1782.2371287503765
FDU59,OUT045,2573.653202887506
FDZ57,OUT049,2163.4662223972564
FDO21,OUT049,3717.0592543632124
FDS43,OUT018,2817.1798523076304
FDU28,OUT010,364.28672787977126
FDC51,OUT010,289.32410758990875
FDW16,OUT010,516.3161391080326
FDP32,OUT010,275.1032379136889
FDB60,OUT019,491.67539524920943
NCQ30,OUT046,1877.5477107745492
FDD26,OUT049,3164.4413786924442
FDI44,OUT045,1221.7599322636029
DRH23,OUT046,893.3893324405824
FDO44,OUT046,1811.165709624229
FDG04,OUT046,3114.576355263724
FDM32,OUT027,2446.990792466124
FDM09,OUT013,2667.5536478270205
FDZ47,OUT013,1531.6396699174904
FDM40,OUT027,3448.49554244118
FDY48,OUT017,1704.854289549647
NCM30,OUT045,491.65055460018016
FDX36,OUT010,728.7796875234147
DRF03,OUT017,696.3954824208007
FDN51,OUT049,3996.59093522537
FDM57,OUT049,1319.6388416475168
FDB35,OUT049,1576.4354726482268
FDY13,OUT027,2247.6205667662707
FDA37,OUT017,2168.9994400348587
NCX53,OUT017,2170.0867932357805
FDD59,OUT018,1018.821130047158
FDX10,OUT019,0.0
FDC03,OUT018,2828.787548083768
FDW43,OUT035,3730.782053555042
FDW10,OUT046,2574.1919212687735
FDY14,OUT027,6114.501226237935
FDV43,OUT045,679.6264114704412
FDO40,OUT013,2439.9673217841855
FDP46,OUT027,2432.006865942905
NCE43,OUT019,424.3065097822423
FDD05,OUT035,2031.3021353351155
FDJ60,OUT010,280.5358145532034
DRE27,OUT018,1236.66273140602
FDO11,OUT035,4246.148984040202
DRG11,OUT027,2648.5264152891295
FDK33,OUT010,576.7710205555464
DRM23,OUT045,2778.5034047637855
FDJ02,OUT027,3755.351877159394
NCZ05,OUT045,1597.1952501510577
NCL30,OUT013,1987.1175941679933
FDZ19,OUT018,2599.6550572092337
FDM45,OUT049,2149.4384757069415
FDO36,OUT046,2941.2527489224763
NCK31,OUT045,745.693637147631
DRJ37,OUT045,2469.478273043873
FDP24,OUT018,1655.2620607247757
FDF46,OUT013,1874.567709203959
FDX46,OUT019,81.7958394161444
NCL18,OUT045,3052.533014647341
FDJ26,OUT013,3500.2573984515443
FDJ07,OUT045,1798.9814725169363
FDY15,OUT013,2424.2670885267853
DRG01,OUT045,1051.1648155419182
FDF58,OUT045,1013.257712882726
FDZ14,OUT019,280.40428327635584
FDP31,OUT049,900.645752111506
FDH45,OUT013,662.943787827017
FDA09,OUT010,478.36893978085584
FDW31,OUT035,3062.4200546760126
FDA57,OUT046,701.7558236275486
NCE55,OUT035,3121.744031068909
FDC17,OUT019,633.088398863851
FDC59,OUT013,1022.3589610203485
FDA22,OUT013,2727.714730920172
FDK52,OUT035,3738.6095788963885
NCM26,OUT046,2459.0874828520405
NCT53,OUT035,2769.976649369055
FDW45,OUT018,2190.098186154635
NCI18,OUT035,3783.5153507733867
FDE38,OUT018,2425.1407028025124
FDF08,OUT019,367.6662256076137
FDY58,OUT010,710.7241696299869
FDF58,OUT019,116.63147063295031
FDX39,OUT017,3672.5197674934475
FDB44,OUT049,3545.1528486129123
FDF28,OUT013,2001.892712018991
FDE39,OUT013,1953.1475039728598
FDT37,OUT018,3771.976518215214
FDZ45,OUT017,3293.9433428494535
FDO40,OUT035,2517.945394708392
FDM57,OUT027,2357.5129954604054
DRG36,OUT017,2910.0498194574125
FDY36,OUT010,168.46475032852277
DRL60,OUT027,3779.443903627485
FDS25,OUT019,407.0160574047027
DRF49,OUT027,2775.9353412560727
FDP16,OUT045,4138.9706919107675
FDS60,OUT049,2688.1560376247803
FDU15,OUT027,1247.016776443519
FDK43,OUT046,2019.82730567884
FDN25,OUT046,940.8276515813308
FDE53,OUT049,1658.8406091478107
FDB22,OUT013,2468.653957812833
FDE39,OUT017,2013.0484940502097
FDX35,OUT035,3665.71810193404
NCG54,OUT049,2919.4966370331454
FDH27,OUT035,2549.336839011958
NCK42,OUT013,3510.4042337858173
FDS25,OUT049,1701.8669416886316
FDI10,OUT018,2517.3545710315498
FDU35,OUT035,1713.884161991198
FDI04,OUT017,3259.3845578401283
DRK23,OUT035,4156.958196898529
FDB53,OUT019,404.66588592427956
FDY02,OUT049,4073.6960097015503
FDM60,OUT035,738.6625334333006
NCJ31,OUT010,564.0044372381369
DRP35,OUT017,2122.5185136087566
NCQ30,OUT018,1765.2354201566018
DRL11,OUT010,307.2746004212854
FDU01,OUT013,3137.1316178267416
FDR39,OUT035,3053.9893605365883
FDO08,OUT046,2546.4892931211607
FDC02,OUT045,4220.390440873069
NCZ29,OUT035,2124.069808285298
FDF29,OUT010,289.7020474311393
FDZ23,OUT017,3128.0731842728333
NCU53,OUT018,2368.953002239471
NCW30,OUT013,3991.484988861025
NCM26,OUT027,3866.7480167534573
FDV50,OUT027,3192.3356248051377
FDW15,OUT049,2459.241697383472
FDI35,OUT027,5164.028033055301
FDO11,OUT017,4130.627664436289
FDN48,OUT046,1552.462878324106
NCA17,OUT049,2545.755814074254
NCN54,OUT013,1272.9582105703505
FDP22,OUT013,790.7557648049747
NCB54,OUT035,2161.4694552940023
FDD08,OUT045,565.3551790737031
DRM48,OUT010,0.0
FDG41,OUT027,2798.318368249822
FDE44,OUT027,1480.1452379218042
FDE26,OUT035,2539.4911869308094
NCS38,OUT013,1922.1602029985104
NCJ54,OUT018,3652.5481202655355
FDI40,OUT019,356.18199297548057
FDN45,OUT018,3380.964396208901
FDU43,OUT046,3841.5073076842114
FDI04,OUT010,484.62269455604047
NCC07,OUT018,1330.9318742792418
NCC07,OUT019,249.01547406255017
NCD18,OUT045,3798.227589436316
FDU55,OUT035,4852.420801995469
FDX59,OUT035,718.7145400580298
FDR52,OUT049,3122.987700397245
NCP17,OUT013,1120.0624827495233
FDQ32,OUT045,2009.4341662466545
NCT17,OUT049,3279.0745805131246
FDO10,OUT049,887.9791804612465
FDE32,OUT049,686.5239523855744
FDN44,OUT045,2581.484940178378
FDH02,OUT035,1582.5681554088403
FDK60,OUT013,1575.1776447580694
FDS24,OUT019,337.2146316111814
FDL03,OUT010,483.33558288556105
FDB46,OUT027,5465.048249461607
FDO48,OUT049,3733.7814981938327
FDZ39,OUT049,1741.3539413165524
FDT02,OUT027,1271.4929482952066
FDC50,OUT013,1499.2271707046455
FDP39,OUT035,1017.1000244676255
DRG15,OUT018,716.4318405515626
FDP10,OUT018,1281.6975235053665
FDF53,OUT027,5107.307419081822
FDN34,OUT045,2993.5861370092402
FDK02,OUT045,2013.766375067785
FDC23,OUT045,2817.0211722592467
FDJ10,OUT019,301.6472298979613
FDE53,OUT035,1752.8238174189335
FDR25,OUT035,4149.507219485358
FDW50,OUT046,2630.558668122802
FDS09,OUT049,798.802858265426
FDW49,OUT010,506.21196588632654
FDU51,OUT046,2907.291271121373
FDF28,OUT018,1705.114440324653
NCY30,OUT018,2608.119762069909
FDD44,OUT045,4006.486440650365
FDX09,OUT017,3028.4663036201173
NCF30,OUT013,1977.1267512217264
FDZ50,OUT019,498.3647638316115
FDW37,OUT013,1526.5556054308904
FDD11,OUT049,4049.689138697361
DRH39,OUT018,967.9399982130374
FDA36,OUT049,3176.4184870698123
NCG43,OUT049,1451.6542490208487
FDF02,OUT035,1697.5567518411667
FDP57,OUT027,2662.8045948937174
NCE42,OUT017,3669.815878465877
NCR38,OUT027,6161.949800580079
FDP03,OUT019,280.40428327635584
FDO51,OUT035,805.0604685656356
NCQ42,OUT046,2046.1792270651724
NCM41,OUT046,1446.4649317764906
FDH48,OUT027,2324.9835735204315
DRF60,OUT046,3866.7577536387125
FDJ27,OUT035,1675.4871824077302
FDQ14,OUT013,2464.8383830458215
FDN27,OUT017,1730.6197136405021
NCQ02,OUT046,3166.240663396018
FDJ33,OUT049,2069.540230779644
FDP07,OUT027,5216.74829469342
DRE01,OUT049,3851.043534619626
FDU36,OUT045,1564.166915470005
FDL28,OUT017,3742.2234151744133
NCX53,OUT046,2170.4676169593986
FDZ39,OUT013,1714.3208494816772
NCP42,OUT013,3105.9898866558133
FDJ14,OUT035,1358.2665188561637
FDK04,OUT049,930.0711535959291
NCC19,OUT017,3154.0925838579524
FDS09,OUT018,521.3549909572203
FDZ02,OUT046,1607.916174955905
FDD35,OUT018,1806.3882234126545
NCY42,OUT017,2481.2961848885307
FDB05,OUT045,3739.797073097251
FDF20,OUT035,3237.0778925139944
NCO41,OUT018,1282.9253652842833
FDC40,OUT027,2266.83209314161
FDV58,OUT045,2664.1759708839936
FDZ57,OUT045,2056.582139979291
DRM35,OUT046,2942.4182165181887
DRN36,OUT018,1276.3419328431328
FDQ13,OUT046,1289.947397188089
DRO35,OUT010,410.04831409117816
NCD43,OUT035,1721.2854671380312
FDA51,OUT018,1645.2238589182937
NCX17,OUT027,6012.1139109455335
NCZ17,OUT049,781.842283609488
FDR11,OUT027,4033.652501234036
FDW34,OUT049,4001.370551651019
FDN50,OUT017,1552.7071342313147
FDS09,OUT046,727.5946535881417
FDS48,OUT018,2200.0005789003503
FDL44,OUT049,2650.650758798911
DRF48,OUT018,2820.7337861860506
FDA14,OUT018,2232.1463672661584
NCD30,OUT049,1424.6275630831065
FDI16,OUT017,1127.676122503139
NCG06,OUT035,3889.9876934772974
DRZ24,OUT035,2023.6418427712283
NCS17,OUT045,1509.5014488005907
FDB37,OUT045,4247.048783158476
FDE10,OUT035,2102.43239082533
FDC57,OUT045,3063.0732257934537
FDM12,OUT018,2793.516855030712
FDE24,OUT049,2090.5406227149215
FDW22,OUT045,3515.494243016192
DRD01,OUT027,1521.5978775440024
NCZ18,OUT027,5999.321602685133
FDN49,OUT045,615.3211879354446
FDR22,OUT035,1927.98755958938
FDV08,OUT019,0.0
FDY39,OUT046,3286.386000712632
FDV36,OUT049,2102.476139424447
FDO60,OUT045,784.2857683000605
FDU04,OUT027,3193.577482052786
FDR20,OUT027,1485.2048875272526
FDW19,OUT019,374.84046540961015
FDU40,OUT049,2880.119506686306
FDK15,OUT045,1456.506219543856
DRF15,OUT035,2519.471282483889
FDQ25,OUT017,2925.1177025872157
FDI48,OUT019,21.33767839507766
FDS49,OUT046,1293.5379918889464
FDV22,OUT046,2616.6226552506882
NCV42,OUT046,1697.3163120204906
FDX26,OUT046,3109.3268944735587
FDI33,OUT018,1226.8494718650913
FDZ14,OUT049,2082.042271568439
FDG10,OUT013,892.3518186161672
FDM38,OUT018,622.9441814314869
FDG26,OUT027,6041.622648806519
FDH46,OUT035,1747.877089437388
FDN13,OUT018,1284.022439001551
FDU57,OUT035,2612.5959360823317
NCI06,OUT046,2783.9699152055177
FDM38,OUT045,856.3290788682827
NCG42,OUT010,269.9005540623254
FDL39,OUT045,2938.45632675332
FDT31,OUT019,365.6546818355853
FDV59,OUT013,3520.6829369718926
FDB49,OUT035,1747.877089437388
FDD58,OUT049,1663.0019811111367
DRN59,OUT046,753.8587873877389
FDX48,OUT049,2461.9785899139424
FDQ11,OUT049,3767.050177991605
FDY12,OUT049,853.947871864543
FDQ11,OUT045,3664.6574464078353
DRI11,OUT017,1897.6260908202237
FDY32,OUT027,4092.671501176563
FDS51,OUT045,940.1106433147592
FDR19,OUT010,415.8348078297548
DRB13,OUT018,2842.4070812916716
FDS21,OUT035,1118.198882068821
FDQ40,OUT045,2782.261841890312
NCE55,OUT013,3047.091227183921
FDX43,OUT027,4009.842064043308
FDS12,OUT049,2075.684164800329
DRK01,OUT027,2416.645848928471
FDN25,OUT017,976.4081909905323
FDB60,OUT046,3149.028113837605
FDQ13,OUT017,1325.5279365972908
DRK13,OUT045,3039.9754888760926
DRF25,OUT018,445.2084815510544
NCD42,OUT019,0.0
FDW25,OUT045,1399.3866865459509
NCV29,OUT027,4855.216931106268
NCK42,OUT035,3585.057037670805
DRJ13,OUT027,4026.963132651634
DRD15,OUT017,3844.2961269528123
FDM27,OUT045,2375.7914205093925
FDZ50,OUT018,2842.1845228751695
FDC04,OUT046,3831.286691020659
FDF50,OUT049,3236.571906701793
FDP15,OUT045,4031.8645150530515
FDK46,OUT035,4108.214581604894
FDZ56,OUT018,2616.9681191529917
FDY60,OUT049,2202.25191742181
FDB10,OUT035,3281.2495288628106
FDR57,OUT045,2486.364444598426
FDU58,OUT049,3174.9339543814667
FDH02,OUT046,1507.9153515238525
FDP48,OUT013,3144.304033593503
FDI46,OUT035,4088.866863972245
FDW56,OUT013,3469.0815876919814
NCM19,OUT010,415.28081171623506
FDS50,OUT027,5576.280382267766
FDK24,OUT013,653.7498832691961
FDO36,OUT017,2946.3172189428237
FDK45,OUT027,3010.1493049622673
NCL05,OUT045,659.3121882138294
FDL32,OUT018,1636.0387089431024
FDA28,OUT049,1983.4056909376513
FDY36,OUT018,928.0992845153439
FDP32,OUT018,1803.7478591344238
FDL50,OUT046,2091.3852531305265
DRC24,OUT049,2464.2207844236204
NCS18,OUT017,1798.2156998519938
FDD16,OUT017,1408.7501956440376
NCV18,OUT013,1593.5278187265828
FDX07,OUT046,2991.0955074442772
NCZ05,OUT027,2621.020330972973
NCI31,OUT013,671.8747919988748
FDK14,OUT049,1322.9489682893848
NCR06,OUT045,569.3135059209682
NCF54,OUT049,3019.5318867455712
DRG23,OUT010,403.0813370376866
FDD53,OUT046,660.2693031678197
NCM31,OUT027,3378.6581492364908
FDT16,OUT017,4721.865384723571
FDR40,OUT035,1378.0516649747462
DRG25,OUT017,3201.252102376264
FDT10,OUT035,953.3445708177322
FDY32,OUT013,2651.268357421112
FDN50,OUT035,1591.7793987071009
FDZ35,OUT019,372.02310637825514
NCP54,OUT045,2075.289177261809
NCD07,OUT035,1856.828364845984
FDS02,OUT018,2874.5528696574797
DRN59,OUT018,519.2738112985538
DRB24,OUT013,2464.2901667034052
FDP37,OUT027,3398.365074869226
DRB01,OUT018,2788.2542766572005
FDR47,OUT046,3120.642233179122
NCM31,OUT010,367.48591205297237
NCF06,OUT027,5834.707588915535
NCV17,OUT027,3469.921387278745
FDS10,OUT049,2738.289828094497
FDN52,OUT035,1429.2729807280664
FDZ48,OUT013,1831.6614605987709
FDJ48,OUT049,4021.3082373827406
DRB13,OUT027,5149.635914375483
FDV59,OUT017,3520.3021132482745
FDL32,OUT035,1893.8722754069345
FDZ12,OUT035,2240.7200553462185
NCR06,OUT027,1170.2274799413158
FDP51,OUT017,1919.7160857572214
FDY22,OUT013,2138.8428752621076
FDZ38,OUT049,2928.816330215433
NCO54,OUT035,1033.8302953241998
FDR23,OUT035,2923.73805475369
FDM38,OUT049,984.1926613597719
FDS25,OUT013,1928.9648126470893
FDZ22,OUT013,1269.6023852695055
FDZ20,OUT019,900.345652921761
FDD45,OUT010,432.6242331246251
FDN03,OUT049,4146.4093853543545
NCW30,OUT046,3991.484988861025
FDY24,OUT027,1693.7330570637052
FDJ26,OUT019,545.6186640746092
FDM15,OUT049,2514.395642814809
NCW54,OUT027,1718.3333119672504
FDA23,OUT045,1604.0909968869917
FDA39,OUT019,47.82717487673128
FDZ12,OUT017,2473.6540112629013
NCB42,OUT046,1882.2187631454424
FDL16,OUT046,928.511822669418
FDO24,OUT019,367.8012901017144
NCP42,OUT046,3114.9214497478933
FDR19,OUT018,2198.5204077880308
DRL01,OUT045,3707.074728822161
FDV37,OUT046,3321.0054239579845
FDI41,OUT010,392.7555958639162
FDF58,OUT049,1056.2991755924813
NCF43,OUT018,1820.3013178747312
FDN02,OUT049,3448.582011808355
NCP41,OUT035,1755.578905546177
NCY17,OUT027,1420.3760410801588
FDL58,OUT027,6258.889853948353
NCA30,OUT027,5103.125834655062
FDE46,OUT018,2186.7729171154165
FDY38,OUT035,4032.107785497048
NCH29,OUT027,2512.0773376578754
FDO20,OUT045,4019.8834154417664
FDP44,OUT018,1388.1101041573309
FDM02,OUT027,2436.7353588014034
FDJ14,OUT027,2250.2184476414373
FDH04,OUT010,416.9613665026688
DRK23,OUT046,4082.3053930135397
NCW05,OUT046,1604.8708708534368
FDF12,OUT049,2436.603227262684
FDL51,OUT019,545.6186640746092
FDN03,OUT018,3769.8398232204026
DRJ37,OUT049,2544.2165670960308
FDM12,OUT019,461.9539281184526
FDA16,OUT045,4213.935847724089
NCB07,OUT017,3110.7146013681636
NCI17,OUT019,477.2837774763835
FDR51,OUT046,2439.3819632624154
FDJ55,OUT045,3843.053084518983
NCZ17,OUT013,794.0958239466515
FDU25,OUT013,1001.6884462643095
NCG18,OUT045,1715.1017584096717
DRM11,OUT017,4049.794599496459
FDH16,OUT035,1692.2790799956715
FDZ04,OUT018,706.703024398157
NCX53,OUT035,2241.304846077375
FDX38,OUT027,1534.4271002987578
FDX09,OUT046,3031.848416515296
NCW05,OUT018,1368.8376519853691
NCS41,OUT017,3150.875913149181
FDI26,OUT046,2902.2139916894785
NCZ41,OUT027,3295.01678238323
NCK06,OUT046,1961.6280388458558
FDX23,OUT027,2509.00221120544
NCA42,OUT046,2602.5047911433053
FDC20,OUT049,918.6841069680559
DRC49,OUT018,2176.9916744435623
FDX01,OUT013,1802.5362418414315
FDC08,OUT045,3588.6419905246107
FDC02,OUT017,4463.260504068239
FDK10,OUT045,2701.1232566645135
DRC24,OUT013,2431.581398535884
FDW16,OUT019,521.6449317371436
NCU06,OUT018,3354.3858916907307
DRA59,OUT045,3047.8691491783243
FDR24,OUT019,421.78361146468694
DRL35,OUT018,503.7108559119987
FDA49,OUT013,1351.1773822043722
NCC55,OUT046,782.4854417614877
DRD24,OUT019,366.25256016038355
NCE55,OUT049,3070.7990499795774
FDT33,OUT045,2694.5419800022796
NCT53,OUT013,2622.6930467520187
FDS26,OUT046,4087.7608507831314
FDL22,OUT018,1174.1503660398655
FDP44,OUT017,1677.4306880790814
FDC52,OUT018,2217.2394907732596
FDI53,OUT010,302.1515430988785
FDZ23,OUT046,3135.530872045423
NCT18,OUT013,3167.8703635153197
FDR13,OUT046,1911.7731471752156
FDB09,OUT010,220.5828613633156
FDZ60,OUT013,1592.6140387221383
FDB11,OUT046,3688.4003802925554
FDC10,OUT018,1604.5136428396472
FDW56,OUT035,3535.5154656916416
FDK14,OUT027,2290.6587939480623
DRE27,OUT027,2458.4297264740962
FDA38,OUT017,3725.1118992201036
FDT11,OUT045,3061.6487839817137
FDP15,OUT035,4157.547790194543
FDV27,OUT035,1499.4658037097176
FDS36,OUT027,2668.9210385628976
FDY40,OUT027,1458.4085350992243
NCF19,OUT049,811.865706725465
FDF53,OUT045,2894.9815864642105
FDS14,OUT027,3851.7640902302383
FDE56,OUT046,1159.0485616240899
FDZ19,OUT035,2965.208138090466
FDZ46,OUT013,1821.7152529147356
FDR16,OUT046,4091.3155754502404
FDG29,OUT018,402.7086383717711
NCE30,OUT017,3478.3937902713456
FDZ40,OUT046,872.510215470028
FDG58,OUT018,2185.6419187498677
DRH03,OUT013,1495.1879740548532
FDZ47,OUT045,1331.6830187132598
FDV04,OUT018,2297.251342362661
FDZ10,OUT018,1723.6371335770302
FDG46,OUT017,1904.315459402626
NCF07,OUT045,1542.5195408482914
FDY44,OUT035,3228.235118230761
FDB21,OUT013,3883.3713991388854
FDS20,OUT035,3193.1648483337385
FDS49,OUT049,1317.245814684603
FDX55,OUT027,5671.126225301141
NCQ02,OUT018,2849.114687500671
FDR25,OUT013,4268.367477581007
DRG39,OUT045,968.0255971332289
FDB46,OUT046,3502.1096758450003
NCC30,OUT018,2622.711817170158
FDE58,OUT035,1995.9848463508977
FDC05,OUT019,486.5523379268025
FDY15,OUT046,2588.0269215589383
FDG14,OUT046,2455.9956087625883
FDL08,OUT049,3818.4587106731597
FDQ47,OUT013,692.5850402174061
FDN12,OUT035,1891.199390682903
FDW10,OUT013,2467.034985766632
FDD02,OUT035,1938.6709697984404
FDX35,OUT010,1059.0944509184314
FDT35,OUT046,2682.2848134931355
DRN47,OUT019,539.7955510523113
FDB11,OUT010,609.6864366430578
FDN20,OUT045,2657.8370117844406
FDB59,OUT035,3247.4273082486284
FDJ58,OUT045,2792.4873160633038
FDU60,OUT046,2693.2400525183893
FDS03,OUT049,1066.2535844643503
FDU40,OUT019,479.8629693444004
DRH15,OUT049,796.011963171345
FDD04,OUT027,3746.9981908678687
FDQ01,OUT046,4041.796225023938
FDF28,OUT035,2069.0930904745774
FDD22,OUT010,414.9394509067655
FDY19,OUT046,1846.6453871219899
FDN33,OUT035,1612.2088057161945
FDV36,OUT035,2148.454198716432
FDW01,OUT010,340.70456658568264
FDJ28,OUT049,3038.5087457497802
FDB17,OUT035,3137.5401905664535
FDM40,OUT049,2136.620408045572
FDV46,OUT045,2069.8905688884797
FDQ44,OUT049,1887.2970191346717
NCD42,OUT046,698.7444300839902
DRH37,OUT046,2743.5188902741847
FDR10,OUT018,2307.9520338728953
NCD06,OUT027,1366.9058281173925
FDI53,OUT046,2618.359170430499
FDG16,OUT035,3843.8576465725005
DRB25,OUT046,1720.5720797020306
FDY09,OUT046,2810.9371240612827
FDX48,OUT045,2394.5731684435204
FDC03,OUT010,484.96778904020954
FDT47,OUT035,1682.7219824089807
FDW44,OUT027,4504.847646850046
FDT24,OUT017,1242.3916665568986
FDT12,OUT019,741.5293921796593
NCS38,OUT035,1949.6832919944711
FDO39,OUT035,3324.168748099633
FDA13,OUT046,699.2926464264061
FDO48,OUT035,3784.7264792831643
DRJ01,OUT017,2556.0249246829335
FDD53,OUT018,406.5292586552696
NCT05,OUT049,4080.560246937744
FDQ51,OUT045,775.0328125958706
FDU60,OUT013,2729.201415651209
FDC59,OUT046,997.9950022596815
FDP36,OUT035,904.6798309774927
NCM19,OUT017,1850.316726730146
FDL16,OUT035,866.927467589312
FDE50,OUT018,2835.2435217164034
NCR18,OUT013,784.9447679887644
NCD30,OUT035,1507.8192128718135
FDH31,OUT013,1692.5543211307418
FDD56,OUT019,497.14312169228236
FDC47,OUT049,3841.6442432629583
FDZ21,OUT045,1458.1797439624888
FDM01,OUT049,1679.1709286357416
FDF24,OUT013,1268.5563048199144
FDW23,OUT017,728.8469826964731
FDY52,OUT018,729.7225870225714
DRH37,OUT027,4178.85793181997
DRO47,OUT027,3016.867855791526
FDR25,OUT049,3960.794346763096
FDQ24,OUT027,5978.892401275601
DRJ51,OUT018,3537.9420286212603
NCU06,OUT035,3754.2459973823975
NCV18,OUT018,1284.9716684891982
NCC06,OUT027,3256.413171784002
FDZ01,OUT018,1465.0346095646678
FDT14,OUT017,1980.3665080618612
FDD11,OUT019,847.1185241843809
FDN09,OUT017,3871.7598923314044
NCO18,OUT010,560.2247524618441
FDZ50,OUT045,3072.318664381195
FDS44,OUT013,3903.457742512689
FDI36,OUT045,3196.755128155237
FDA26,OUT010,532.2216892832072
NCY53,OUT049,1856.9242050353844
FDF32,OUT049,3265.456980735735
FDF59,OUT010,270.114799711886
FDB20,OUT046,1288.5348998937575
DRH11,OUT035,1026.9039923266394
FDT03,OUT049,2891.931932591115
NCH06,OUT035,3817.828698660525
FDR55,OUT049,3375.0735550401464
FDI10,OUT035,2845.7474194290853
FDZ12,OUT045,2115.036780204729
FDM12,OUT049,3098.3892905888956
DRB25,OUT045,1633.8362538454726
NCS41,OUT013,3115.2953737399794
NCT53,OUT049,2674.0553070792866
NCD55,OUT013,808.9054673522056
FDY08,OUT049,2052.680449079251
NCP55,OUT049,1059.4522469364344
FDA33,OUT013,2464.2901667034052
FDQ33,OUT013,2516.1755172053845
FDE45,OUT027,4870.716325877909
FDT26,OUT013,2045.6814958798147
NCV53,OUT049,3933.1039404891994
FDK60,OUT027,2502.6685289885263
NCJ29,OUT046,1293.0225236405245
FDI15,OUT045,4251.799963382701
FDX21,OUT013,1837.2473957803709
FDV49,OUT019,817.6549809462276
DRO59,OUT046,1241.4566176844332
FDZ14,OUT045,2007.3039775162817
FDP32,OUT027,3311.6304278834027
FDC33,OUT017,3144.1683069401815
FDT14,OUT010,274.3401810666897
NCN54,OUT027,2278.9101902522184
FDR57,OUT027,3887.715564940447
DRK12,OUT046,674.1146869661013
FDX52,OUT049,3133.5062152211426
FDX08,OUT010,459.10851322045096
FDP10,OUT010,285.0637577146816
NCP50,OUT045,1236.7438587868219
NCL06,OUT013,3868.442295995374
FDP25,OUT013,3637.5537008425936
FDE53,OUT013,1678.1710135339456
FDL27,OUT017,1156.8173501177396
FDC35,OUT049,3555.8901134015628
DRJ47,OUT010,355.54804786253936
FDD16,OUT018,1096.0526961426217
NCN42,OUT049,2466.181660147524
FDC38,OUT027,3397.639927908162
NCO07,OUT045,3417.873194851673
FDQ20,OUT049,693.806025903387
FDI32,OUT046,1841.5638533444849
FDN20,OUT010,459.9609776036387
DRJ51,OUT027,5890.243124200035
FDU08,OUT045,1440.7027026584478
DRN37,OUT019,546.1926626698773
FDD05,OUT010,265.6196292513342
FDW15,OUT046,2478.5721017696073
FDI52,OUT046,2027.1797013926036
DRM11,OUT049,4216.169071900084
NCO06,OUT045,527.813541151862
FDU38,OUT049,3238.6114123985267
FDU59,OUT018,2388.6504552759407
FDJ10,OUT046,2060.1455447102508
FDM13,OUT049,2080.55151928845
NCJ30,OUT019,469.4002112339658
FDM45,OUT018,1889.6974340432203
FDP36,OUT045,743.7959683334568
NCD30,OUT010,367.68112641400126
FDN48,OUT017,1545.0051905515163
FDY32,OUT049,2600.336248599759
FDU47,OUT046,2144.811354528528
FDF17,OUT019,570.8505720976343
FDP34,OUT017,2877.282627919847
FDA47,OUT049,2666.133405933535
DRD27,OUT027,2463.8289459814923
FDW38,OUT045,900.1735943891763
FDZ15,OUT019,365.2031232811484
FDZ03,OUT027,5102.506199486458
NCN19,OUT049,3170.6007685590275
FDG02,OUT035,3189.574253632881
FDS31,OUT035,3059.2033839672413
FDW43,OUT019,695.1107907595635
FDZ47,OUT010,338.15077458361066
FDO57,OUT017,2608.036395359989
NCL07,OUT013,571.470927325434
NCV42,OUT013,1852.2313223035899
FDP40,OUT017,1868.8058326070968
FDP48,OUT019,498.3647638316115
FDH21,OUT017,2632.996498700202
NCP02,OUT049,982.3816048727898
FDK24,OUT049,822.3518906924893
FDC41,OUT045,1076.7167002859078
FDF08,OUT017,1354.0876707073082
FDO49,OUT017,895.2031676123368
FDS56,OUT027,6440.417358806618
FDX46,OUT018,706.5243873513018
FDQ07,OUT013,3426.771820966336
FDC32,OUT010,369.7005960330095
FDT21,OUT019,763.4363688316224
FDG58,OUT045,2388.3514920059138
FDW14,OUT049,1403.759958751448
DRA12,OUT027,3391.647534280933
FDV27,OUT013,1424.8129998247298
DRD25,OUT013,1891.4940490141942
DRF48,OUT027,5095.816830904056
FDX24,OUT017,1596.9632420468604
DRJ51,OUT046,3845.4425047834584
FDE45,OUT045,2867.905764263597
FDE14,OUT046,1694.537639946924
FDG53,OUT045,2013.7531103763029
FDT08,OUT046,2389.574182044636
DRC27,OUT027,5736.653805258631
FDG20,OUT035,2930.427423336092
FDC21,OUT046,1698.6563339860554
FDV31,OUT018,2457.2860239570755
FDB58,OUT045,2084.4753961878605
FDV23,OUT046,2066.649123717742
FDA25,OUT019,400.1700108753821
FDC15,OUT046,2584.662822015755
FDU47,OUT049,2108.122430113307
FDE23,OUT013,837.8854796940019
FDS08,OUT013,2731.351569729237
FDW03,OUT027,2685.731853260386
FDJ60,OUT018,2368.2336025891086
FDM34,OUT017,2190.813719483627
FDW33,OUT013,1648.22572140756
FDZ40,OUT013,932.9683764910943
FDE33,OUT018,1013.758569232187
NCC06,OUT010,187.73770627078517
FDU11,OUT046,1941.670272182583
FDL44,OUT017,2662.5234754124563
NCZ29,OUT017,2084.997543809512
FDG28,OUT010,641.2195946069617
FDL12,OUT018,703.0598703178616
FDD52,OUT017,1681.4131542029097
FDO15,OUT013,1180.105895585739
NCN29,OUT027,1463.0161241732094
FDW36,OUT013,1642.0960627283953
FDB21,OUT046,3883.3713991388854
FDZ28,OUT013,1922.4062918152827
FDY10,OUT035,1842.9429628535804
DRG39,OUT017,978.4333932721288
FDN28,OUT013,1572.9951604281825
FDV15,OUT035,1719.7217945785223
DRI13,OUT035,3598.4540124622067
FDH20,OUT046,1519.5360724949514
FDY51,OUT013,3574.862039458647
FDE16,OUT013,3807.856328961607
FDX40,OUT018,420.6656066030356
FDC48,OUT018,1036.2073526755403
FDS14,OUT046,2449.3062401801863
FDX56,OUT017,3848.573273424696
FDI10,OUT046,2771.0946155440975
FDI14,OUT013,2147.402758864563
DRM48,OUT013,665.1859823366948
NCH07,OUT027,3933.796293982789
FDY26,OUT013,3493.316397292778
FDD02,OUT027,3005.21382666071
FDM12,OUT046,3117.719694975031
DRF01,OUT010,334.6404643760165
FDV36,OUT046,2078.7683166287907
DRI59,OUT013,3674.569130395086
FDV03,OUT018,2186.3810456924466
FDO39,OUT017,3327.97985146191
NCB07,OUT018,2793.9694491964347
FDH38,OUT027,3021.422122404286
FDZ13,OUT035,906.9960802043909
NCZ30,OUT046,1981.0320492316016
NCA06,OUT035,644.7995503963003
FDB04,OUT049,1375.9539500414837
FDN50,OUT013,1517.126594822113
NCG06,OUT049,4033.237431312287
NCY17,OUT018,510.83445588473336
FDC23,OUT046,2915.58582906219
FDK33,OUT049,3542.860745596838
FDR03,OUT049,3537.5847544551043
FDZ07,OUT045,965.4234629881693
FDO38,OUT013,1263.9594341199902
FDS59,OUT046,1687.6037935745862
DRM11,OUT019,847.1185241843809
FDX52,OUT027,5342.990227836806
DRJ35,OUT018,652.7385653051771
NCP53,OUT046,3911.752300453506
FDW15,OUT019,424.1479283432088
DRI47,OUT045,2399.150585922149
DRZ11,OUT035,2147.991296185132
FDS02,OUT013,3108.58776753098
DRD49,OUT018,3575.8709229766873
FDW38,OUT049,907.1208548385326
FDR21,OUT019,556.9882036014859
FDE40,OUT013,1048.6607536166753
FDI02,OUT045,1790.7711250320376
FDQ04,OUT045,668.4790339381337
FDY14,OUT017,4097.777293091595
NCT54,OUT046,1545.542611234579
DRD25,OUT017,1889.47138431903
DRE01,OUT045,3748.6508030358564
FDJ12,OUT010,495.81085357004827
NCZ05,OUT049,1671.9335442032166
DRB25,OUT019,393.48064229298
NCC31,OUT045,2411.834073265276
FDM16,OUT045,1338.913025004416
DRG11,OUT049,1673.89441992712
FDV24,OUT027,3732.3141887384577
FDV43,OUT046,625.559540406598
FDG05,OUT018,2173.8294928450587
FDV23,OUT010,314.7805273733146
FDI58,OUT018,1283.8159573186579
FDQ11,OUT017,3751.2684570735387
FDC05,OUT027,5328.006301313588
FDF40,OUT013,3879.6687986587212
FDU02,OUT018,3519.367507397184
FDT32,OUT013,3135.530872045423
NCF06,OUT017,3603.7195451702896
FDT46,OUT013,817.7991363201978
FDR58,OUT010,409.0301406726187
FDY04,OUT046,2619.743572544612
FDT58,OUT045,2642.0872898461657
FDE46,OUT049,2464.2207844236204
DRH11,OUT017,944.7935006690623
DRI51,OUT046,2852.3706435923677
FDC35,OUT017,3471.4145516270532
FDP45,OUT035,4192.028466795553
FDC45,OUT017,2780.5277242952466
FDU01,OUT045,3093.434019151976
FDJ53,OUT010,255.83838657947862
FDJ46,OUT017,2873.474899867902
FDX07,OUT013,2991.0955074442772
NCI30,OUT049,3779.8118562375184
FDE47,OUT027,3205.3586756044533
FDV48,OUT045,1287.0458311854363
FDN16,OUT019,527.9039941976164
FDM52,OUT013,2458.541843008262
FDA32,OUT027,5458.093555217566
FDH05,OUT017,3860.6507346853955
FDW25,OUT010,392.81828535112595
FDQ09,OUT046,1821.4356558733207
NCM17,OUT010,30.912280098624567
DRM59,OUT046,2431.6618371653576
FDV47,OUT027,2260.142724559208
DRE15,OUT035,1233.736142021392
FDS25,OUT010,394.10590866571596
NCZ05,OUT018,1394.4856768950112
NCV05,OUT019,416.47831182908857
DRM37,OUT046,3187.862271175483
FDV58,OUT027,5360.635442952151
FDN22,OUT027,6136.174521343556
NCO06,OUT049,789.413681546606
FDT56,OUT019,181.68117958248922
FDM02,OUT013,1376.5043085000711
FDA09,OUT046,2892.106594066148
NCC06,OUT035,2065.880100512398
NCL54,OUT049,3045.4535065076057
NCB55,OUT017,1070.5924449422455
FDB12,OUT017,1707.1181552151907
NCA54,OUT049,3109.3360118925816
NCS38,OUT049,1898.7383109051398
FDC02,OUT049,4451.387787454692
FDK44,OUT019,374.1477065053048
FDE16,OUT035,3863.1915120434755
NCS05,OUT035,2159.3369912098865
FDZ59,OUT045,2625.4672858858
FDI20,OUT017,3520.608877609234
FDQ14,OUT046,2464.8383830458215
FDF53,OUT017,2917.811319019227
FDW25,OUT017,1485.997697211655
NCQ43,OUT010,299.354615469411
FDX52,OUT013,3100.8668293334063
FDE28,OUT045,3655.61240450871
FDN15,OUT017,2145.8835980995605
FDO28,OUT017,1829.406476512801
FDQ33,OUT045,2429.183682816063
FDM22,OUT010,81.7958394161444
FDJ03,OUT017,827.7006975294915
FDI16,OUT045,991.5256890787459
FDI09,OUT027,5995.604899323271
FDX55,OUT013,3721.5846264759357
FDS23,OUT027,3284.1243435672463
DRC12,OUT045,3048.1848527326806
FDH41,OUT049,3565.4862110739114
FDN01,OUT013,2749.701176752211
FDV55,OUT045,2536.931673647405
NCJ19,OUT013,897.3717985644104
NCY29,OUT010,59.607076062101484
FDP03,OUT018,1855.779980324518
FDZ52,OUT045,1709.604649186071
FDH31,OUT010,429.7544604533073
FDQ19,OUT018,3563.2237469376546
FDS15,OUT035,1767.850699832372
FDN32,OUT017,3158.526967090664
FDH32,OUT049,1533.132473937971
FDF33,OUT017,1706.554670027563
FDJ22,OUT046,3094.7348393733096
FDG56,OUT010,175.69664025027606
FDC05,OUT046,3108.211440693669
FDK09,OUT013,3797.939770740552
NCV29,OUT045,2784.142336572377
NCC43,OUT019,796.4348754169342
NCA42,OUT049,2515.7416576655355
FDC10,OUT046,1815.2165557208903
FDC16,OUT013,1508.7115243873832
NCL17,OUT013,2281.852981536216
FDA51,OUT035,1955.9098816713492
FDW01,OUT017,2422.510009137384
NCF30,OUT045,1890.390925365169
FDN49,OUT013,655.6935175709924
FDY20,OUT045,1417.37568967881
FDC15,OUT045,2386.1369534009164
FDY24,OUT046,902.5181401740998
NCG43,OUT017,1505.4841002305484
FDA48,OUT013,3703.649632477413
NCF55,OUT017,849.6635531940813
FDL38,OUT049,1485.4555864171016
NCQ29,OUT018,3586.380094447464
FDC34,OUT017,2700.5914912587523
FDP36,OUT027,1574.9858347693398
FDN50,OUT010,434.7864655654681
FDO23,OUT049,1507.894336451119
FDT56,OUT013,1059.8224253049684
FDT13,OUT027,5127.414402927448
FDZ03,OUT013,3121.9847423223814
FDQ03,OUT010,722.9652318184114
FDU44,OUT045,2586.2175654487023
FDD03,OUT049,3869.1503275791147
NCH30,OUT013,1724.3572036590817
FDS60,OUT010,279.903820955354
FDG08,OUT046,2816.9064857788885
FDX38,OUT017,850.199877025359
FDD22,OUT017,1894.8989964283032
FDW51,OUT013,3483.535154620924
FDL09,OUT017,2658.968851080477
FDZ60,OUT045,1452.0122862313372
NCH07,OUT046,2505.790125018739
NCQ41,OUT049,3153.9871230588546
FDW04,OUT049,2074.1430257494576
FDI08,OUT027,5958.121860763526
FDR19,OUT019,423.16768041149066
FDV13,OUT046,1368.5853205053875
FDB52,OUT017,4069.8656161828017
FDZ48,OUT027,2788.1921733873714
NCO14,OUT049,779.3136635106981
FDZ50,OUT013,3123.3491356376967
FDN27,OUT019,378.43286132833697
FDQ60,OUT013,2045.8324079839879
FDR49,OUT017,806.2499608403721
DRJ35,OUT027,1788.6277688009313
DRI49,OUT017,1306.366862976682
FDB47,OUT017,3515.7515944869424
FDP37,OUT010,352.3698442435429
FDR26,OUT049,2844.5158271117684
FDY31,OUT019,431.10863851307937
FDC11,OUT045,1220.2575679880117
DRP47,OUT035,4252.856590249202
NCY54,OUT018,2714.848879900537
FDR27,OUT046,2126.4060477646076
FDQ21,OUT019,320.8754202895667
NCQ29,OUT035,3969.9636951992734
FDJ02,OUT046,2492.575780361108
FDE21,OUT018,1626.626441239438
FDM39,OUT046,3012.4386818178095
FDZ01,OUT017,1754.3551934864183
NCB19,OUT018,1127.7176188399349
FDU03,OUT046,3103.385083679615
FDP27,OUT049,3098.1064535082814
DRF01,OUT045,2314.585644077157
FDM03,OUT049,1679.9585221367863
FDV01,OUT046,2452.941887034958
FDS16,OUT046,2605.355640789408
FDO45,OUT035,1554.0352878010021
NCX06,OUT035,2931.3042363855884
FDP13,OUT046,692.5850402174061
NCR38,OUT018,3918.5506257511547
FDA01,OUT013,911.5224054580895
FDT26,OUT017,1889.1806207752325
FDD44,OUT027,6022.19525309521
FDB26,OUT013,930.3118797310611
FDP45,OUT019,853.807892766783
NCP55,OUT046,1035.7444241407777
FDT23,OUT017,1320.5586476956928
FDO51,OUT045,650.748702873062
FDA44,OUT046,882.1225463795529
NCJ31,OUT018,3421.747219585358
FDX37,OUT045,1595.9931816210885
NCD18,OUT049,3920.095598377501
FDN40,OUT027,3823.3380188252563
FDL33,OUT017,3137.4789383577795
DRF48,OUT035,3176.5512028335656
FDW08,OUT035,1533.617957132741
FDX39,OUT018,3323.0632044171407
FDB38,OUT049,2743.1442631198347
FDY46,OUT018,2835.7152255315737
NCB06,OUT049,2727.1185763767894
FDA34,OUT035,3226.203724073314
FDA35,OUT045,1971.2721866315687
FDQ07,OUT035,3614.703644248394
FDU32,OUT045,2013.9889334842867
FDU26,OUT013,2098.50521507216
FDU13,OUT010,403.0813370376866
FDO09,OUT035,4178.421857390748
FDW03,OUT019,371.5648965770047
FDB38,OUT013,2655.688947523153
FDL26,OUT010,397.8786531863231
NCN43,OUT045,1978.0666528235574
FDH08,OUT045,3639.6118634725
NCC31,OUT019,194.6508617990635
FDH14,OUT035,2194.7836772651617
FDL40,OUT017,1549.7374826097384
FDD20,OUT035,2145.7363108354416
NCV53,OUT035,3992.355847179739
FDD16,OUT045,1071.131800853971
FDP24,OUT035,1983.6549091223123
FDQ25,OUT045,2838.5066919215124
FDM38,OUT035,974.6794814280365
NCT18,OUT010,545.2408259386249
FDM34,OUT049,2158.432886631694
DRH37,OUT010,538.8597900881414
NCE07,OUT013,2013.799828234703
FDG12,OUT013,1889.9678523524506
FDB59,OUT010,386.7393785399522
FDS10,OUT018,2492.987749152101
FDN21,OUT010,320.9761608598283
FDM02,OUT045,1336.1319788645233
FDO44,OUT049,1887.725988709109
NCN17,OUT017,1769.421866712163
FDH16,OUT018,1383.203852401254
FDL44,OUT046,2595.341231568037
FDY47,OUT017,2116.371457138747
DRI39,OUT046,984.4912850024209
NCX54,OUT018,1432.6710471168926
FDE59,OUT046,657.4587109644445
FDO46,OUT045,3072.541222797697
DRE13,OUT046,1412.8414283209331
FDW14,OUT013,1464.621115809297
FDF35,OUT046,1709.477974969156
FDO50,OUT019,415.09424288228485
DRF49,OUT017,1891.5737273890845
FDT60,OUT049,2076.3673898363086
FDP38,OUT045,748.139734869337
FDA31,OUT027,4450.723898035238
FDY52,OUT010,72.38690380518294
FDD03,OUT027,5890.243124200035
FDN52,OUT018,1118.5869579750108
FDU20,OUT010,428.281049227873
FDD22,OUT035,1881.118804614866
NCB55,OUT019,203.84202932603392
FDN27,OUT045,1410.5203907920177
FDD16,OUT013,1397.0064523472322
FDW48,OUT046,1252.5610259003863
DRN35,OUT045,654.5910053846687
FDX25,OUT049,2951.1384578905772
DRD49,OUT049,3934.7336594661533
FDE21,OUT019,468.1640587120446
FDN44,OUT035,2707.1682153198676
DRC01,OUT049,873.6613418640661
NCK30,OUT046,3980.456593843442
FDU39,OUT013,1003.4576776494681
FDB49,OUT013,1537.290676169568
FDS12,OUT045,2000.9458707481715
FDR57,OUT018,2300.357747477415
FDX22,OUT027,5495.564318850458
FDC60,OUT013,1489.1158502336218
NCE42,OUT049,3657.9431618523317
NCK42,OUT049,3561.766494113085
DRE01,OUT017,3835.2618137015597
FDE57,OUT018,1916.8607182701583
DRK59,OUT019,622.9499886790456
FDB10,OUT027,5239.795941769382
FDQ25,OUT046,2889.537163178014
FDY26,OUT017,3532.2222057411986
FDG28,OUT049,3809.331005239308
FDM14,OUT049,1711.5560941601782
NCH29,OUT049,1624.684486582376
FDD48,OUT049,1898.010206337977
FDC17,OUT045,3514.5077192819117
DRH49,OUT027,2290.6587939480623
FDN44,OUT018,2378.775366922332
FDC29,OUT045,1817.8987123766278
DRK01,OUT019,317.85530206147973
FDD48,OUT017,1909.8829229515222
FDB59,OUT013,3168.958929596629
FDY45,OUT010,850.6890018810961
FDX60,OUT035,1340.1103348233573
FDT09,OUT010,263.8818147769508
DRB24,OUT018,2210.5501221908576
FDL13,OUT035,3926.134986768379
FDN16,OUT035,1876.2239505988246
FDK57,OUT013,2064.313657822157
FDO22,OUT027,2301.163737297476
FDC57,OUT010,494.0432847934338
FDZ13,OUT027,1486.8346065042065
FDW27,OUT013,2413.4249169744926
FDX10,OUT049,655.0329172342863
FDY08,OUT018,1750.7378095920767
FDA49,OUT017,1343.7196944317825
FDC32,OUT018,1220.6472104712386
FDO04,OUT035,967.9196002579024
NCZ54,OUT013,2648.8211083976084
FDY40,OUT045,782.3754551144264
FDW36,OUT045,1607.3300271457085
FDE11,OUT017,3150.232409149847
DRE37,OUT045,3152.081052103839
NCK19,OUT017,3138.843331673095
FDT19,OUT035,2917.0304485446904
FDE56,OUT045,1042.2038933813567
FDZ57,OUT010,296.07078610067884
FDB35,OUT035,1670.4186809193495
FDF09,OUT010,0.0
FDO34,OUT046,2918.9886758018897
FDA55,OUT046,3904.5318242576745
NCM18,OUT035,1145.209600121703
FDJ20,OUT019,280.40428327635584
DRQ35,OUT019,270.2121010981015
FDG02,OUT013,3105.9898866558133
NCU29,OUT018,2167.5446431030605
FDL27,OUT027,1804.839919965679
NCA54,OUT035,3101.449989514654
FDJ32,OUT035,1117.2340961728498
FDB21,OUT019,748.4524423084032
FDR46,OUT035,2514.773894089982
FDZ32,OUT046,1688.4735377372576
DRF36,OUT017,3293.0250900770725
NCU54,OUT017,3613.4326351414434
NCI31,OUT017,722.7045835929338
DRA59,OUT035,3173.552424319814
NCC55,OUT045,757.1600939311207
FDE44,OUT018,564.6468228546767
NCN26,OUT018,1611.8650731327207
FDC11,OUT049,1359.3530621343934
FDV24,OUT035,2554.4751134540284
FDR40,OUT019,258.9316377681948
NCQ17,OUT049,2737.575262746741
FDC46,OUT045,3065.629295798793
NCM18,OUT046,1143.7038658046824
FDK16,OUT046,1683.4433359843958
FDI28,OUT017,1190.6231600059682
FDS11,OUT018,3364.491481377232
DRD13,OUT046,1045.5418627309882
FDL36,OUT035,1545.8569303742108
FDI27,OUT013,778.168670819259
FDJ53,OUT019,414.15074358097945
FDS44,OUT045,3882.9433406450416
FDE28,OUT046,3706.6428757652116
FDQ33,OUT018,2244.180935204498
FDB37,OUT017,4333.659793824181
FDQ31,OUT045,1337.365330757112
NCQ05,OUT046,2447.6765212032324
FDE10,OUT013,2027.7795869403426
FDF38,OUT017,744.6937876898885
FDE50,OUT019,513.3486903548308
DRG37,OUT010,495.33186989075966
NCH06,OUT049,4136.056665666766
FDY14,OUT045,4224.234840789811
FDO27,OUT017,1534.4145812165605
FDQ19,OUT049,3975.7546722044212
FDZ26,OUT019,722.9652318184114
FDN51,OUT013,3972.8831124297135
FDK20,OUT035,2184.5714677836518
FDD40,OUT018,2838.568790755622
DRI25,OUT018,675.5420203853151
FDH56,OUT017,2018.2938621108979
FDI36,OUT027,5512.473386256557
DRH11,OUT018,655.4729167473112
NCV18,OUT017,1556.5854267664677
DRI01,OUT049,2804.5747594191907
DRE48,OUT049,3294.6983699991642
FDS51,OUT035,1058.4610458745128
FDM38,OUT017,888.1068350706227
FDB60,OUT027,5391.151512341002
FDY58,OUT035,3937.214403265899
FDY22,OUT045,2095.145276587342
FDF11,OUT027,5953.776053901698
FDZ51,OUT035,1588.262287634286
FDQ45,OUT017,3211.5443940745417
FDF17,OUT035,3327.5120934541715
NCF31,OUT027,3556.548556453931
FDA37,OUT013,2117.034912104176
FDO51,OUT046,726.5920899136365
FDF34,OUT013,3326.433704296633
FDD57,OUT018,1244.459323085863
FDO37,OUT046,3901.618315135291
FDR49,OUT049,799.7060368559376
FDS39,OUT049,2255.8831063507537
FDI48,OUT027,1534.3349883858348
DRM35,OUT049,2966.126039313845
FDV57,OUT035,2998.2082677535423
FDZ55,OUT013,2863.4874855006315
FDI28,OUT035,1224.3666318526436
FDS21,OUT045,981.1742110879425
FDT34,OUT013,1730.9051681271342
DRI25,OUT035,1003.9348687828519
FDT47,OUT010,438.0869001560251
DRH39,OUT045,966.037094166058
NCD54,OUT045,2079.52123064725
FDU16,OUT027,2460.332330534425
NCW29,OUT045,2022.619732996078
FDV25,OUT027,5606.62744979924
FDM56,OUT035,1827.2317182794097
FDZ04,OUT027,1894.2526139188692
FDG59,OUT019,0.0
FDI56,OUT045,1517.3201124444167
FDS33,OUT035,1447.0538858992961
FDC23,OUT049,2884.4265937296686
FDT11,OUT049,3164.041515565483
FDG17,OUT045,3895.7512049491993
FDZ44,OUT045,1811.0150801545196
FDJ52,OUT013,2607.306010738669
DRI23,OUT046,2582.3181807687215
DRE15,OUT010,265.03494302231985
NCF07,OUT013,1554.510666396299
NCR29,OUT049,926.3529523759562
FDE44,OUT019,0.0
FDT23,OUT035,1359.630912171479
NCG06,OUT017,3850.9154290015113
NCU41,OUT010,473.07573660644385
FDH46,OUT017,1708.8048249616018
FDV31,OUT013,2784.1476640861397
NCT41,OUT027,3882.2801596190925
FDE22,OUT027,4076.0537232645647
FDC26,OUT045,1600.5205191902764
DRF51,OUT017,700.7665217458963
NCY53,OUT019,421.00355311643165
FDY21,OUT017,3183.052492221575
FDL27,OUT013,1057.2493491928662
FDZ34,OUT049,3433.6312606252645
NCF43,OUT010,352.3976882702398
FDC21,OUT035,1773.3091378710433
FDL26,OUT013,2463.4512739614684
FDT25,OUT010,375.3504386116376
NCR30,OUT046,1060.4110495087464
DRL23,OUT019,376.28897682110653
NCR05,OUT049,3123.6453460203306
NCE19,OUT018,650.7254298228245
FDY07,OUT035,752.6063555896442
FDB10,OUT017,3289.3069792760516
FDP57,OUT013,1684.0359295095698
FDU48,OUT019,295.3405730019679
FDH48,OUT035,1423.9743069575925
FDO33,OUT035,1989.4091998997628
NCU29,OUT045,2370.2542163591065
FDW35,OUT046,709.9472615434357
FDH05,OUT010,718.998087098982
FDP26,OUT049,1721.0241348161471
DRG27,OUT035,706.2943726305076
FDQ33,OUT046,2516.1755172053845
FDH20,OUT010,407.96946982877097
FDV14,OUT046,1405.2101756648813
DRD01,OUT046,911.5224054580895
NCI17,OUT049,1710.0727074489973
FDF39,OUT010,1264.4321008960383
FDX37,OUT046,1740.9602540251701
NCX17,OUT035,3883.7145178109445
FDN03,OUT013,4171.496180155218
NCS41,OUT010,491.67539524920943
FDH34,OUT045,3268.7138644577294
NCX53,OUT018,1880.7662093140345
FDY31,OUT046,2327.4042208056935
FDD20,OUT017,2114.1164717890565
FDE51,OUT045,788.1293470232282
FDV27,OUT046,1417.480127242994
FDF16,OUT035,2663.7233910944633
FDZ02,OUT049,1560.9984989652246
NCK05,OUT045,970.3933547983042
FDM12,OUT027,5098.241152139105
NCA05,OUT018,2192.099372732954
FDX33,OUT045,2559.7934074461596
FDM25,OUT049,2927.8445476760585
FDE41,OUT018,1099.5157390152144
FDW14,OUT045,1336.354537281025
NCD30,OUT046,1433.1664089868257
FDB23,OUT010,620.0929456876496
FDF45,OUT046,979.2308245108982
FDW20,OUT017,2059.6948821231194
FDF47,OUT045,3286.7826619416182
NCR05,OUT019,392.36089720326623
DRB01,OUT046,3050.071171787081
FDE36,OUT013,2688.4765670078114
FDU56,OUT049,3255.3092431402106
FDB23,OUT049,3722.5147121328023
FDN48,OUT049,1469.160179474751
FDS43,OUT013,3066.1986767043495
NCN05,OUT013,3133.4959709719697
NCL53,OUT049,2900.670069612472
FDL56,OUT046,1476.322956580192
FDH17,OUT018,1377.004908369372
FDP37,OUT046,2166.900298342632
FDG09,OUT019,445.2327105009733
FDA55,OUT045,3824.743888956545
FDX31,OUT049,3635.665308521472
FDJ41,OUT045,4025.514859283369
DRC24,OUT045,2396.8153629531985
FDQ21,OUT035,1939.8481622379325
NCT54,OUT045,1494.5121399780767
FDH08,OUT049,3731.1423182505814
FDY38,OUT018,3570.132367422779
DRM11,OUT010,833.7215493929789
FDG32,OUT049,3697.5161479879625
NCH18,OUT046,3929.6712357674583
FDI20,OUT035,3602.7193692668116
FDA33,OUT018,2210.5501221908576
FDN45,OUT013,3673.8083251923063
FDT45,OUT010,75.10647083374228
FDR32,OUT035,3896.774056959274
FDA48,OUT017,3739.2301718866147
FDN23,OUT017,2491.57614817179
NCR18,OUT035,859.5975718737517
FDD45,OUT046,1559.3122757780372
FDI22,OUT018,3185.1419997152193
FDT09,OUT013,2068.509445298136
DRC24,OUT027,3839.241932437301
FDT39,OUT046,2577.613630713281
FDX28,OUT045,1347.7441391830541
FDA50,OUT018,1233.230294060798
FDT33,OUT027,4398.362592200466
FDQ60,OUT049,1977.4253545403958
NCM19,OUT018,1560.9961428083955
FDF40,OUT046,4106.108876849536
NCI30,OUT035,3857.115491619161
FDK34,OUT049,3985.7486955954937
FDA38,OUT027,6070.984314789571
FDT02,OUT045,638.4331859090508
FDC11,OUT017,1371.2257787479386
FDD08,OUT046,645.8539410018224
NCS29,OUT046,4016.092420780598
DRI03,OUT010,375.7346582371219
FDK48,OUT035,1243.0237555413753
FDM52,OUT049,2482.249665803918
FDP49,OUT035,979.4250721263339
DRA24,OUT046,2667.738968675368
NCJ43,OUT049,2382.8495527997334
FDE11,OUT045,3070.9542710658798
FDP01,OUT049,2448.5842041912865
FDQ59,OUT018,1100.2756245085545
FDA43,OUT019,440.99174648176256
FDL14,OUT017,2479.0539903788526
FDV50,OUT010,320.84462958298076
FDT01,OUT027,5499.164940568577
NCC42,OUT035,2157.312913632267
FDO28,OUT046,1764.048948264241
FDD32,OUT019,255.76013714978487
FDV45,OUT035,3191.557779597779
NCW17,OUT019,387.1388693998076
NCJ17,OUT027,2504.56585647089
NCF18,OUT049,3111.006873025683
FDP01,OUT045,2224.9197301914005
FDH24,OUT045,2244.011120952231
FDI38,OUT027,5623.277523087748
FDX03,OUT035,780.6348188937955
FDY28,OUT046,3370.017653035753
FDN34,OUT018,2734.9584782418888
FDJ02,OUT045,2418.0967866358496
FDW40,OUT019,361.12950283797664
FDX03,OUT017,698.5243272362185
FDE17,OUT027,3834.7923796694577
FDT58,OUT046,2693.1177611026674
FDI38,OUT013,3673.735924262544
FDW22,OUT035,3769.9651111764474
FDS15,OUT027,2671.728174668885
NCX06,OUT013,3069.3588905590154
DRK47,OUT035,3891.449081692187
FDC23,OUT027,4885.965578062766
FDM56,OUT010,434.20374247595134
FDP21,OUT046,3155.717482420007
FDP58,OUT046,3561.4650646672453
FDA27,OUT019,605.9425953600934
FDK41,OUT019,318.7128371239703
NCH42,OUT046,3862.561599380911
FDG29,OUT045,612.7510842095547
FDW15,OUT018,2181.793830075268
FDD28,OUT018,525.6218261516292
FDQ37,OUT049,3517.0291160171546
FDC23,OUT035,2990.238632947178
FDV13,OUT035,1527.8071042438808
FDK33,OUT046,3562.1911499829735
FDO33,OUT013,1914.756396014775
FDN21,OUT017,2666.1140701133136
NCW06,OUT027,5237.35408267489
FDI38,OUT035,3712.427365014712
FDC21,OUT027,2674.318404433882
NCS05,OUT046,2084.6841873248986
NCN53,OUT049,759.2081620509875
FDV40,OUT010,141.18875479995228
FDG60,OUT017,3854.507005946772
NCY30,OUT027,5057.384382685908
FDM40,OUT045,2061.882113993414
NCO30,OUT046,3025.2543869855213
FDK10,OUT046,2736.3983346503783
FDM36,OUT045,2798.1566813586333
FDN10,OUT013,1795.9220179702345
FDM46,OUT018,1267.3273300645806
FDX50,OUT049,1771.236871800894
FDP33,OUT045,4000.8686828668997
FDO12,OUT045,3074.9837816593463
FDC28,OUT013,1689.6232301054877
FDO31,OUT045,1258.6379306876356
FDX45,OUT035,2530.0231462748397
FDV21,OUT049,2082.5601197579417
FDH04,OUT049,1471.0273030951346
NCG54,OUT013,2836.95781077023
FDO13,OUT046,2600.9798599832957
FDA09,OUT027,4824.538966791312
FDC38,OUT017,2146.9958480503205
NCO42,OUT046,2265.426596704178
FDL45,OUT049,2083.8988909301265
NCK31,OUT013,879.9298448858167
FDM39,OUT017,3004.9809940452196
FDC22,OUT010,484.96778904020954
FDF46,OUT046,1874.567709203959
FDQ37,OUT045,3293.3646420172686
FDH41,OUT010,513.7198947959961
FDQ04,OUT046,666.4113110391884
NCQ02,OUT027,5142.94654579308
FDJ57,OUT027,5154.185558078117
NCE07,OUT049,2160.5805840636
FDE56,OUT013,1076.969928964043
FDI20,OUT049,3508.7361609956884
FDK36,OUT018,621.1420820158053
FDP08,OUT027,5259.131689386539
FDF44,OUT017,2115.295437832502
NCU53,OUT017,2730.904384893269
FDF47,OUT035,3561.392117030836
FDS55,OUT010,615.8486814596225
FDZ52,OUT010,345.0718848613694
FDL04,OUT018,1351.770313670579
NCM26,OUT035,2533.7402867370283
FDX43,OUT049,2272.4248261909083
FDP52,OUT049,3836.1468386955044
DRK49,OUT045,674.3945490418706
FDE38,OUT013,2663.4980795848455
DRF13,OUT035,2552.3399453797947
FDK41,OUT010,318.7128371239703
FDJ04,OUT027,3094.1607616984093
FDZ44,OUT018,1613.2651232678302
FDS11,OUT013,3669.435941952257
FDA55,OUT049,3928.239647053331
NCW53,OUT046,3109.7187658965286
FDB49,OUT027,2620.42374266389
FDD23,OUT017,3164.3524301370694
NCV42,OUT045,1758.1626238652962
NCZ29,OUT018,1795.6769598877645
FDQ26,OUT013,934.6756708404888
FDV08,OUT017,655.5257559736542
FDC53,OUT049,1600.8653711330514
FDV58,OUT010,246.7675916754716
NCP02,OUT019,75.10647083374228
DRI37,OUT045,920.8942378860037
FDQ12,OUT049,3820.2173340730187
FDE33,OUT046,1310.5368409265272
FDX27,OUT045,1222.335559903075
FDM22,OUT017,902.4329902166941
NCH30,OUT019,415.4136058007084
FDC04,OUT017,3866.8672304298607
FDO38,OUT046,1267.284703159209
FDV52,OUT027,2996.4955462842613
FDB32,OUT013,1514.7025830443167
FDV43,OUT018,488.73903405602283
FDI24,OUT018,2633.490020653712
FDR40,OUT017,1358.327118131607
FDW02,OUT049,2175.866211687551
FDE44,OUT049,824.3878645184018
FDL38,OUT046,1504.7859908032365
NCT54,OUT010,458.6514108884583
DRJ39,OUT010,1015.0486967949936
FDW55,OUT049,4399.924906840781
DRF13,OUT019,416.47831182908857
NCW17,OUT049,2219.239945192793
FDP13,OUT035,767.2378441023934
FDS08,OUT018,2440.810361963336
NCP17,OUT035,1236.4916955021008
NCO53,OUT035,3189.9481776249672
FDH19,OUT045,2798.4466510351704
FDJ04,OUT017,1959.784158099713
FDG10,OUT049,873.0214142300323
FDA40,OUT010,320.0734130772617
FDI53,OUT045,2598.930403609215
FDU09,OUT010,20.59560392321483
FDK60,OUT045,1520.2094460103954
FDR43,OUT017,648.0259825011161
FDW22,OUT017,3602.105253681895
DRP47,OUT010,847.1185241843809
DRG48,OUT010,418.06526356090563
FDA14,OUT035,2530.0231462748397
FDU49,OUT013,1357.3185344443582
FDK28,OUT045,4448.477427164596
FDT19,OUT046,2842.3776446597026
NCQ42,OUT045,1838.7701504315437
FDD03,OUT045,3708.1387908617394
NCM53,OUT013,1606.8743944433288
NCX53,OUT045,2090.808655151813
FDV14,OUT027,2340.1159249701304
NCZ54,OUT017,2782.394769410581
FDB39,OUT013,973.8214046029395
DRC24,OUT046,2440.512961627964
FDY36,OUT013,1219.4067787381562
FDN01,OUT035,2865.606351332516
DRH25,OUT046,903.4208736943027
FDV08,OUT046,610.5436319298619
NCP53,OUT049,3935.4601232491623
FDU52,OUT010,448.9794401406188
NCI42,OUT045,3442.9294300356105
FDZ14,OUT035,2031.9408133264424
FDF11,OUT046,3924.3924118771533
FDQ13,OUT018,1117.661847136937
FDO32,OUT010,0.0
DRJ37,OUT018,2266.768699787827
FDY43,OUT046,2654.4666938113064
NCT41,OUT017,2510.2985994317005
NCV17,OUT045,2142.0144979785596
FDM04,OUT027,1507.5497513068058
DRB48,OUT018,435.0801086536693
FDM24,OUT013,2475.343326395235
FDT37,OUT049,4120.891642817553
NCO05,OUT010,380.2320725134837
FDL13,OUT046,3765.2089402181737
FDL15,OUT017,2456.7287370503
FDB11,OUT018,3374.5243566254503
FDL14,OUT019,423.16768041149066
FDY10,OUT019,361.3578392233662
FDJ40,OUT049,1846.3641205976514
NCW18,OUT046,3900.5839298396463
NCY06,OUT013,1990.0310375230913
DRE13,OUT018,1116.063156626593
FDA26,OUT045,3435.829952403641
NCE19,OUT010,6.580127650384357
FDE33,OUT035,1385.189644811515
DRL59,OUT027,1495.5031767659275
FDY07,OUT046,671.3705651382768
FDF57,OUT018,2631.562006728002
FDM58,OUT035,1870.0535695226515
FDP26,OUT027,2679.042484677984
FDY32,OUT046,2651.268357421112
FDD51,OUT010,0.8806680286721
FDU22,OUT018,1659.987480121626
FDZ49,OUT018,3385.5235760609316
NCI42,OUT017,3529.540440701314
FDT04,OUT027,1216.6371446878447
NCU41,OUT045,3054.3625097377626
FDS56,OUT045,4557.511930217949
NCN42,OUT017,2478.0543767610693
FDK34,OUT046,3967.2997368533674
FDB03,OUT017,3900.265411544704
DRJ25,OUT035,892.2591854179678
FDT25,OUT027,3251.258003005705
FDN20,OUT013,2737.495973592026
FDP09,OUT013,3457.698815891546
FDM20,OUT019,716.2758632360094
NCG55,OUT046,2044.2852724746488
NCP14,OUT045,1600.5205191902764
NCH06,OUT046,3687.971928516624
FDV52,OUT013,1799.5960071259249
NCL07,OUT035,750.4711875154111
DRJ11,OUT027,5344.021797451977
DRO59,OUT013,1126.8003328356237
FDW15,OUT010,416.81505576147293
NCQ30,OUT035,2053.246953990865
NCN54,OUT019,189.61959681981975
FDY01,OUT027,3038.326197848252
FDX39,OUT035,3699.2247335200245
FDH53,OUT027,2253.389948259847
FDA57,OUT035,776.4086275125359
NCC07,OUT010,336.7673516773995
FDU28,OUT013,2989.271099685856
FDK36,OUT010,0.0
FDR36,OUT018,460.39910393803456
NCQ17,OUT035,2633.6919738959996
FDS28,OUT019,0.0
FDE08,OUT045,2355.583650734179
FDU22,OUT046,1971.6667865960796
FDG41,OUT045,1610.646714052727
FDO31,OUT010,267.89683932082454
FDM21,OUT019,879.2951032567747
FDU40,OUT017,2891.9922232998515
FDV36,OUT018,1830.4990495877737
FDT10,OUT027,1626.411800048084
FDX38,OUT045,755.6724867565335
NCU30,OUT027,4069.9196920182503
NCV06,OUT049,3243.649295280323
FDT16,OUT035,4780.329794859123
NCP41,OUT027,2679.042484677984
FDZ56,OUT017,2906.288703074741
FDC22,OUT035,3184.604964731283
FDU10,OUT035,673.7035140023675
FDS46,OUT045,1806.1652252249323
FDO08,OUT049,2559.334839111129
NCV42,OUT018,1400.5380403261504
FDP33,OUT035,4126.551958008392
FDJ12,OUT046,3396.73967361376
FDH04,OUT045,1396.2890090429757
NCU54,OUT013,3592.0396087298254
FDO36,OUT010,516.3467428809774
FDT37,OUT027,6048.465186418833
FDD14,OUT010,459.82767099990537
FDA16,OUT013,4129.693527662886
NCS42,OUT019,386.2961747231498
FDP10,OUT019,301.65933640482206
FDQ28,OUT049,2355.039904273978
FDK57,OUT010,404.58274111016
FDK02,OUT013,1865.3825592287678
FDW47,OUT018,1795.0375747954208
NCC42,OUT018,1828.9200652347333
FDQ37,OUT018,3229.863506103452
FDL40,OUT046,1482.0111548347286
DRE13,OUT010,328.03163851582826
FDQ34,OUT027,2654.6091870796167
NCB54,OUT046,2086.8166514090144
FDS48,OUT049,2509.5942345743624
FDO15,OUT045,1093.370069729181
NCT30,OUT013,665.0890983728951
FDU49,OUT027,2385.724826695193
FDE21,OUT046,1880.3664857519868
FDS49,OUT019,249.07076856738274
FDT38,OUT027,2358.6736434263016
FDZ01,OUT045,1667.7441828207143
FDC41,OUT035,1276.08480173827
DRG13,OUT010,285.11323203183093
NCZ42,OUT018,3708.5598325841843
NCM07,OUT045,1304.7782465211526
NCV17,OUT018,1918.689937438126
DRK39,OUT035,1484.774391857153
FDS37,OUT018,1691.76484314996
FDV12,OUT019,398.3664204792379
NCG19,OUT018,3578.0011117070585
FDS51,OUT013,1032.5913527968244
NCO14,OUT046,700.8795981582233
FDC38,OUT046,2111.415308641119
FDN15,OUT046,2125.835201555994
NCH42,OUT013,3862.561599380911
FDQ22,OUT046,698.7444300839902
FDC05,OUT013,3099.279877601589
FDZ31,OUT013,2980.9801023855384
DRJ23,OUT049,3135.3874644160883
FDC52,OUT035,2561.1644820364304
DRD12,OUT010,414.4110178463047
FDV55,OUT017,2644.9672757760004
FDD32,OUT046,1271.8815738591331
FDR01,OUT049,3403.097990133575
FDY08,OUT019,318.8245428857124
FDQ45,OUT045,3157.0791717746465
DRN11,OUT027,3748.9278342386306
NCS05,OUT018,1830.944142812352
FDY32,OUT035,2725.9211613060997
NCD31,OUT045,2456.832752491895
NCE06,OUT049,2768.053784002654
NCP14,OUT046,1651.5509904467788
NCF18,OUT019,512.104596658742
FDF14,OUT018,2210.5501221908576
FDB22,OUT017,2468.273134089215
NCH54,OUT049,2746.892077526159
FDU27,OUT035,815.4198226050838
FDS58,OUT027,4067.2109489813315
NCU29,OUT035,2538.9757186823877
FDJ57,OUT013,3212.4043270871707
FDL56,OUT049,1500.0307793758486
FDH60,OUT035,3178.037887564603
FDN24,OUT018,654.0308445332952
FDD02,OUT017,2037.7633953941356
FDP15,OUT017,4118.47552571876
FDB28,OUT027,5238.394970323809
DRC49,OUT045,2379.7012476996083
NCG30,OUT018,1749.232885949613
FDJ14,OUT049,1307.3215377668323
FDL52,OUT045,615.1928909131639
NCG19,OUT027,5895.692474789957
NCN41,OUT035,2162.8981726780307
FDW22,OUT013,3695.3123072914595
FDI02,OUT013,1834.4687237068042
FDV51,OUT045,2597.837392428738
FDV48,OUT046,1283.6137149711758
NCL17,OUT019,457.2401629136171
FDP46,OUT045,1423.62826859647
FDU10,OUT045,571.1085047132507
FDT37,OUT010,918.3210283045687
FDI27,OUT035,816.8601115714265
FDN51,OUT046,3972.8831124297135
FDW07,OUT035,1378.8121131677028
FDN45,OUT049,3700.8414170271813
DRN37,OUT027,4178.85793181997
DRF48,OUT049,3153.2606592758457
FDP38,OUT019,0.0
NCX18,OUT027,5379.434925384729
FDK45,OUT018,1668.0999649836374
FDZ37,OUT049,1474.9624628716363
FDS50,OUT018,3389.773608810308
NCR54,OUT018,2983.6450548134094
NCS17,OUT035,1680.710104285948
FDV31,OUT046,2784.1476640861397
DRE27,OUT017,1508.2764896832894
FDN60,OUT013,2582.6925280137684
FDK26,OUT013,3124.936087369514
FDX37,OUT018,1451.2588463798013
FDW31,OUT046,2987.7672507910247
FDX26,OUT018,2828.1622817110315
DRL49,OUT019,366.25256016038355
FDU49,OUT017,1392.89907385356
FDY58,OUT046,3862.561599380911
FDN03,OUT045,4044.01665377058
NCV06,OUT010,402.1267750695746
FDH53,OUT045,1047.4813173737487
FDG31,OUT018,802.5963415440771
NCC06,OUT045,1941.119016218435
FDS13,OUT049,3965.910520521872
FDP16,OUT035,4238.8511479501985
FDA35,OUT013,2116.0162246376626
DRP47,OUT018,3721.540879421084
FDY28,OUT010,463.8730268631592
FDY20,OUT035,1535.7260922385644
NCH30,OUT017,1755.5538331401333
NCR29,OUT019,59.607076062101484
NCP05,OUT013,2474.6196257176757
NCF30,OUT019,268.1249673782305
FDA08,OUT035,2468.4975547992576
FDN51,OUT027,6000.565696381222
FDH12,OUT046,1687.7132626709576
FDY39,OUT017,3337.215792306691
NCO53,OUT045,3064.2649024834777
FDB40,OUT046,2449.5375531793165
FDH02,OUT049,1495.6618111866892
FDY11,OUT027,1858.6634294959308
FDQ09,OUT019,367.87149978579345
FDP16,OUT013,4180.190695829113
NCF55,OUT018,560.3429692723299
FDY09,OUT027,4580.774233735581
FDY39,OUT045,3235.35552945613
NCU53,OUT049,2674.0553070792866
NCT41,OUT049,2479.078165185508
FDJ45,OUT046,787.9104646046233
FDR28,OUT013,2536.7535859193486
FDN08,OUT013,1824.8773739565054
FDJ07,OUT049,1924.591031663154
FDZ09,OUT027,4005.432783756213
FDQ14,OUT017,2457.3806952732316
FDY12,OUT027,1492.2154836778925
FDK57,OUT046,2064.313657822157
FDD20,OUT049,2126.937118111918
FDS36,OUT018,1593.8406091474828
FDI40,OUT049,1659.4776142990738
FDJ40,OUT045,1778.9586991272283
FDE08,OUT013,2402.85172710566
DRK01,OUT013,1434.919676270978
FDC58,OUT049,692.4416325880716
FDE50,OUT046,3116.4081344789306
FDX48,OUT035,2555.9617981850656
DRM35,OUT018,2688.678172005641
FDG41,OUT013,1661.6771853092293
FDB52,OUT046,4034.285076773596
FDV19,OUT045,2560.668224444624
DRG48,OUT017,2472.3646217964506
FDI26,OUT013,2893.2824285973984
FDU11,OUT019,273.71491469395374
FDF59,OUT019,270.114799711886
FDR07,OUT049,1462.7525565671626
NCE06,OUT017,2558.077344160267
FDE10,OUT046,2027.7795869403426
NCO55,OUT046,1817.1320461992298
FDZ13,OUT013,843.511628075611
FDT50,OUT017,1573.1365412404084
FDH12,OUT010,360.6218252619073
FDD21,OUT045,1860.7734666252989
NCM05,OUT013,4116.788864114727
FDK04,OUT013,969.7053293286887
FDN33,OUT017,1573.1365412404084
NCM18,OUT010,187.84788201450533
DRC25,OUT049,1426.5299992346856
FDT47,OUT017,1607.6883548003748
FDD45,OUT027,2495.9791604061243
NCD07,OUT018,1581.2879727376708
NCY54,OUT010,475.9445544052063
FDL12,OUT049,977.0962997018947
FDL02,OUT017,1643.815509805822
FDC60,OUT035,1563.7686541186097
FDR37,OUT017,3016.0603277933565
FDY16,OUT017,3493.103715770314
FDU26,OUT045,1910.7229498842744
FDN24,OUT013,820.6743392882175
FDH44,OUT013,2485.1245690670894
FDE23,OUT010,0.0
FDW60,OUT017,2908.191362776981
FDQ55,OUT049,2091.2961093528797
FDV32,OUT027,1736.336980506186
FDV03,OUT010,409.1454392473527
FDY14,OUT010,704.3320779042658
NCL55,OUT027,6252.598026599059
DRF25,OUT017,734.529065472806
FDX03,OUT046,705.9820150088082
FDF40,OUT045,3837.5698904942997
FDX24,OUT010,416.6811946141019
FDA25,OUT049,1712.9828156454864
FDH21,OUT018,2343.675914778453
FDB47,OUT010,525.5323207008051
FDT34,OUT019,394.893906404531
FDS39,OUT010,415.22894524859066
NCU05,OUT046,1255.8344271351211
FDE02,OUT049,1531.9923312778676
FDL25,OUT035,1564.2302698999627
FDC50,OUT049,1522.934993500302
FDZ32,OUT049,1712.1813605329141
FDV14,OUT045,1276.9435971366092
FDR07,OUT045,1220.3626058390248
FDB26,OUT049,893.5615415056511
NCR50,OUT045,2415.389884177275
FDP01,OUT018,2171.1363368830825
FDH57,OUT045,2039.000332580906
FDM60,OUT027,1234.623079685297
FDA45,OUT017,2736.745088285063
FDU55,OUT017,4813.348537519687
FDH40,OUT035,1378.5998813171625
FDG40,OUT019,0.0
FDT12,OUT049,3731.2411685151696
DRL59,OUT045,786.8384219147789
FDT47,OUT018,1388.9932696649612
FDI60,OUT017,1112.0564283148153
DRF51,OUT027,1213.4707945901962
NCK31,OUT049,813.0990586180537
FDB08,OUT045,2422.5932824166857
FDM44,OUT035,1778.0332181151448
FDD46,OUT018,2185.766936995963
FDR27,OUT019,259.4592497962752
FDV56,OUT010,452.3065598848574
FDM02,OUT049,1403.5374003349464
FDU45,OUT018,1621.0589776905417
FDZ10,OUT017,2028.2069696836372
NCK31,OUT010,0.0
FDR27,OUT035,2201.0588516495955
FDF33,OUT013,1706.935493751181
FDJ36,OUT046,1674.4392382334981
FDP33,OUT049,4075.6069769190576
FDG17,OUT046,4204.632829341463
FDG47,OUT027,6081.467205303066
NCW29,OUT046,2095.182325974022
DRH59,OUT017,1177.915024130901
FDR32,OUT017,3857.7017924834877
FDP48,OUT035,3218.956837478491
FDG17,OUT035,4074.292733016292
DRJ59,OUT017,690.2605408876456
FDY48,OUT027,2636.004257496192
FDB02,OUT046,2872.610823367779
FDN10,OUT019,361.3578392233662
NCD55,OUT035,886.8835402764116
FDX34,OUT013,2100.2379798243855
FDZ38,OUT045,2861.410908745011
DRF37,OUT049,4105.907716294332
DRL47,OUT019,273.71491469395374
FDL27,OUT035,1180.5029221800864
NCP53,OUT035,3986.405104338494
FDT03,OUT019,506.6593217724286
FDJ28,OUT035,3125.4150899719316
FDF40,OUT018,3580.072632833603
FDA32,OUT035,3583.204760277349
NCP02,OUT017,948.3639783657775
FDZ31,OUT045,2929.949631129037
NCQ29,OUT013,3965.2971725751645
FDP57,OUT010,375.58322990247535
FDL32,OUT027,3008.3079721890704
DRB01,OUT035,3149.3627008672133
FDJ40,OUT046,1667.7412875188957
FDO24,OUT018,2351.4876457520195
FDO11,OUT018,3552.331308121671
FDA56,OUT035,2153.8378192199903
FDF02,OUT045,1588.137912373492
FDA10,OUT013,1959.1492145793518
NCI55,OUT017,2254.8397732678072
FDZ40,OUT010,0.0
FDV08,OUT049,632.7907625544209
FDN48,OUT013,1488.4905838608859
FDU57,OUT017,2530.485444424754
DRF49,OUT013,1847.061624887803
FDS02,OUT035,3183.2405714159677
FDS43,OUT046,3066.1986767043495
FDT16,OUT013,4613.679805971617
FDX19,OUT027,5877.11795356588
FDK15,OUT046,1613.867544186751
DRA12,OUT049,2168.797637647286
FDY35,OUT017,854.4470509729712
NCU42,OUT013,2723.350939810744
FDD26,OUT013,3140.733555896788
FDR11,OUT018,2359.541407649737
NCP53,OUT045,3860.7218291970044
FDP34,OUT045,2633.198505816459
NCV41,OUT019,376.28897682110653
FDN20,OUT018,2447.7945659466586
FDZ16,OUT018,3123.3374463573587
FDZ28,OUT049,1946.1141146109392
NCL55,OUT013,4301.316660202121
NCJ17,OUT046,1727.8325840235502
FDT37,OUT046,4249.406290484401
FDV51,OUT049,2737.8736126312083
FDZ28,OUT035,1997.05909570027
FDN27,OUT013,1605.5174256268913
FDS14,OUT019,320.6715752126874
FDZ58,OUT045,1999.174319967537
FDD46,OUT046,2464.8383830458215
FDJ03,OUT035,866.7729620052773
FDU03,OUT010,512.9013344687288
FDA33,OUT027,3798.0363453629993
NCW53,OUT035,3184.3715697815164
NCC55,OUT017,818.0659811706892
FDP52,OUT019,718.998087098982
FDE39,OUT049,2076.8218650430495
FDB44,OUT035,3568.4433921706323
FDG59,OUT013,700.2227646356541
FDI05,OUT013,1155.1841284936536
FDF59,OUT045,2010.1662600857169
FDM39,OUT019,572.2010578854823
FDB14,OUT013,1426.9035877746446
NCS05,OUT019,310.324499525187
DRJ35,OUT045,906.7544583444379
FDO31,OUT019,270.3904638337756
FDA31,OUT046,2694.6836361404576
FDX40,OUT049,680.4066482667607
FDW56,OUT045,3375.012889253688
FDH09,OUT018,547.1119327248645
FDA52,OUT019,369.0246491828979
FDF20,OUT019,491.67539524920943
FDE40,OUT046,975.5136840487085
NCU17,OUT046,1962.7807455950237
NCP14,OUT035,1726.2037943317666
FDN25,OUT027,1693.435374734377
FDU39,OUT049,1043.377784084513
NCM05,OUT017,4310.845851455515
FDU07,OUT017,2443.3862119117452
FDF28,OUT049,1982.5623076328566
FDR57,OUT049,2743.5854461222684
FDJ33,OUT013,2088.8706351657793
DRH23,OUT035,968.0421363255697
FDQ52,OUT046,4087.2152109393514
DRK13,OUT035,3208.6969911993738
FDP09,OUT046,3457.698815891546
FDR08,OUT027,2569.683395276611
FDV50,OUT045,2012.4019817524697
FDT13,OUT049,3170.6007685590275
FDJ27,OUT027,2612.645092083436
FDH21,OUT046,2768.6418478380715
FDW14,OUT027,2369.11118119502
FDL52,OUT049,696.2926429274871
FDW28,OUT017,3016.7978771973403
FDL40,OUT049,1505.718977630385
FDE24,OUT046,2162.9349017301984
FDX35,OUT049,3642.42755837632
FDP46,OUT017,1371.2077119379057
FDX56,OUT045,3673.920704269902
FDQ45,OUT049,3199.6716774609963
FDK50,OUT027,4060.5215803989295
FDY26,OUT045,3296.685015127767
FDQ09,OUT017,1870.5366642146776
FDN39,OUT049,2855.1795427649113
FDP13,OUT017,728.1655796266076
FDR51,OUT013,2486.5116781514425
FDZ49,OUT010,598.2664466878545
FDL28,OUT018,3381.4355739585326
FDZ10,OUT035,2052.029981974563
FDK38,OUT013,2466.3826645858835
DRL49,OUT027,3456.4923935789775
FDR15,OUT013,2490.6878200191527
FDQ24,OUT035,4102.263838763647
FDD56,OUT013,3058.925698159598
NCR42,OUT046,700.8795981582233
FDH52,OUT045,1009.5524154995338
FDH57,OUT019,309.6187526065558
FDR15,OUT010,430.6497236228344
FDJ34,OUT035,2181.6997051394405
FDW37,OUT035,1618.0509888900715
FDQ23,OUT018,1409.4696034182302
FDP34,OUT013,2822.3543708779985
FDE04,OUT027,4878.9128773695975
FDC48,OUT045,1246.2497985133225
FDA47,OUT019,299.13547319596887
FDI35,OUT018,2717.0590733202616
NCV05,OUT013,2479.8223095690405
FDR28,OUT045,2489.0483837020656
FDH31,OUT017,1624.3470395229197
FDP59,OUT019,356.94187846882056
FDS19,OUT018,1001.7932095080497
FDM60,OUT045,679.6670295869762
FDJ44,OUT018,2619.7414005830374
DRH51,OUT017,1401.8402824416148
DRC25,OUT017,1453.6519680330885
DRE25,OUT013,1519.1459305684396
NCX05,OUT049,1876.8335498931258
FDR11,OUT017,2631.1551659270053
DRP47,OUT045,3978.0108843267803
DRC49,OUT019,416.47831182908857
FDQ47,OUT027,1263.1983903543899
FDL20,OUT013,1805.3250425554343
FDM34,OUT035,2260.4020533482676
NCN55,OUT013,4128.883435984876
FDD41,OUT035,1736.3299891942172
FDE52,OUT049,1488.3289386049535
NCT18,OUT019,545.2408259386249
FDJ32,OUT018,670.7782629418737
FDE16,OUT046,4079.434808273492
FDZ09,OUT045,2529.7214125748806
DRZ11,OUT046,2073.338492300144
FDK41,OUT049,1350.3244611474686
FDE56,OUT049,1109.6093148517793
FDH34,OUT013,3310.812772622151
DRI49,OUT013,1270.7863235674802
DRI59,OUT046,3626.595310742904
DRC36,OUT049,2893.1876969381265
FDS15,OUT019,368.9746668120077
FDI07,OUT018,2849.4916551296797
FDZ15,OUT018,1647.8155577253708
NCX41,OUT027,5473.342807402423
NCO29,OUT019,459.4907637780484
FDF57,OUT013,2742.7315362659165
FDI33,OUT035,1555.242320262628
DRJ47,OUT049,2845.5070605870083
FDB34,OUT046,1385.5643484738819
FDY22,OUT027,3432.4003671108867
DRL11,OUT017,2628.0362750413183
FDY46,OUT035,3191.5326421790887
FDG17,OUT013,3990.708366039224
FDE52,OUT018,1158.4578798090508
DRP47,OUT027,6050.309003241103
FDO01,OUT010,125.32320659798057
FDL09,OUT046,2662.3509639756558
FDR57,OUT013,2692.2231857950005
DRD37,OUT035,963.6544443253729
FDQ36,OUT027,1241.1873789832325
FDL33,OUT049,3153.2606592758457
FDL48,OUT045,737.1557733844941
FDL28,OUT049,3758.0051360924795
NCN29,OUT046,815.6967163399592
FDO13,OUT035,2675.6326638682835
FDB38,OUT045,2643.5930532836046
FDI36,OUT035,3317.47148149938
FDI58,OUT035,1548.2365112529744
FDH22,OUT018,1838.0683302790778
FDQ27,OUT013,1670.6709296595798
FDT33,OUT046,2640.795864160925
FDC56,OUT045,2002.887699122871
FDF14,OUT046,2464.2901667034052
FDQ39,OUT017,3243.8452235764344
NCM43,OUT017,2616.335341902823
FDS46,OUT035,2038.0049155361087
FDI22,OUT049,3505.0190205334998
NCE43,OUT045,2716.9273171803547
FDZ36,OUT010,495.1025660348603
FDR13,OUT019,427.69292169883374
FDP46,OUT018,1166.4561078696606
FDW56,OUT019,770.649158573379
FDB40,OUT017,2494.0496556805983
FDM28,OUT018,2526.047532740674
FDV49,OUT013,4290.249238569531
NCS53,OUT018,2217.465478432744
FDO03,OUT049,3877.426647893334
FDT15,OUT035,3233.3340602016106
FDD33,OUT049,3886.6612666800916
FDX13,OUT017,4200.387350982018
FDH60,OUT013,3103.385083679615
DRH51,OUT046,1346.9120253997662
NCL07,OUT049,733.783826019966
FDW51,OUT045,3435.829952403641
FDF21,OUT019,530.5413429040055
FDH26,OUT019,372.94192874278565
FDJ03,OUT049,815.8279809159463
FDU35,OUT017,1538.8782881325799
DRL01,OUT018,3519.171140937201
FDE59,OUT045,613.7611122896781
FDI60,OUT035,1151.1286927906015
DRH39,OUT035,1334.0039725627973
FDK36,OUT049,860.9733834866756
FDN52,OUT045,1310.922578168312
FDU12,OUT017,4059.595856056439
NCT05,OUT027,5993.876327798819
FDS37,OUT027,3084.479765210857
FDK24,OUT017,806.2499608403721
DRF36,OUT013,3254.119281628652
FDN46,OUT010,361.9303166706234
NCN06,OUT045,2483.7231656258623
FDD59,OUT035,1347.2139784446945
FDM14,OUT045,1644.150672689755
FDO10,OUT018,610.5313131530407
FDU35,OUT013,1503.2977487233782
NCA30,OUT018,2835.0204153331697
NCO41,OUT049,1560.3732325924886
FDI24,OUT046,2832.363007038082
FDZ16,OUT046,3375.096487896728
FDV47,OUT046,1265.4575309383695
FDV16,OUT045,782.6562044458329
FDZ22,OUT035,1353.1867522465732
FDO20,OUT010,907.0350215041631
FDW38,OUT013,991.00090795297
FDW52,OUT045,2607.9635872911886
FDT43,OUT019,0.0
NCS29,OUT045,4090.504376520813
NCC31,OUT017,2358.866066175764
FDA21,OUT017,3198.005628038208
FDQ55,OUT046,2067.588286557224
NCE54,OUT049,1349.2198206820597
FDD45,OUT017,1642.022530076266
NCP17,OUT017,1155.643022158725
FDR47,OUT035,3187.9621644823737
DRM35,OUT013,2887.551158390011
FDR47,OUT019,491.67539524920943
FDX19,OUT010,626.5811156951424
FDV22,OUT027,3854.862864111783
FDQ46,OUT027,2803.441425572229
DRO47,OUT045,1806.923592447284
FDB44,OUT010,540.5162472240244
FDN02,OUT010,470.2354546357637
FDW10,OUT045,2389.9906633351807
FDJ41,OUT019,850.2900248027911
FDM50,OUT046,913.6982342308883
FDW10,OUT035,2648.8447251537614
FDY48,OUT049,1692.9815729361019
NCE30,OUT027,5449.054239130038
FDO04,OUT045,849.5691976981486
FDQ26,OUT010,81.7958394161444
NCX29,OUT018,2170.2675422243224
FDE39,OUT046,1962.0790670649396
NCR54,OUT027,5475.829265643455
NCP55,OUT027,1830.7631734968138
FDX22,OUT017,3525.1680574612647
FDI05,OUT035,1238.7684954707213
FDC51,OUT027,3246.154708276567
FDC10,OUT013,1825.6458269276015
FDJ46,OUT045,2830.4231263945107
FDV10,OUT010,0.0
FDX12,OUT027,5885.219429822733
FDL43,OUT019,213.01480433400104
DRB13,OUT046,3159.5330571870186
FDF59,OUT027,3279.762158356479
FDT35,OUT049,2705.992636288792
NCJ19,OUT035,991.3723200820446
FDT35,OUT018,2523.2433530227217
FDI48,OUT046,793.9724355137455
DRC24,OUT019,420.04878952580367
NCZ05,OUT017,1683.8062608167618
FDJ57,OUT049,3277.769120529794
FDX11,OUT017,3174.178927231756
FDE09,OUT035,1842.9706778074465
NCK06,OUT049,2161.342545025028
DRE37,OUT017,3258.039780402189
FDV56,OUT046,1778.9006576886557
FDY43,OUT017,2684.874652927636
FDV35,OUT013,2453.211102140518
FDF05,OUT019,838.8765759762871
FDA36,OUT035,3194.7421088301858
FDS13,OUT027,6017.274982306234
FDU47,OUT013,2144.811354528528
FDI36,OUT010,624.1656209209683
FDH48,OUT046,1349.3215030726046
FDZ14,OUT013,2049.4028856807026
FDS46,OUT013,2055.4669878903683
FDE21,OUT017,1931.1962773460461
FDA26,OUT049,3604.2674413920577
FDV12,OUT046,1581.9229152470707
FDL46,OUT019,421.00355311643165
FDN57,OUT013,2122.908068091964
NCJ18,OUT017,1938.5595870328898
FDO36,OUT045,2851.7898286739987
FDX55,OUT018,3407.7086028088306
FDT25,OUT019,305.8905066890463
FDD16,OUT049,1288.3110765549216
NCX18,OUT013,3150.7085016727306
NCG55,OUT018,1790.5452279621
NCV18,OUT049,1544.7127101529225
NCS18,OUT035,1845.7001452517816
FDC37,OUT045,1687.847092493787
FDE47,OUT046,2072.447900265769
DRG49,OUT019,716.2758632360094
FDC39,OUT049,3713.980466611422
FDH24,OUT019,335.65550173590645
FDV39,OUT027,5451.97503440245
NCL17,OUT045,2134.9260301723193
NCY53,OUT035,1907.8691861247157
FDH52,OUT013,1053.2500141743005
NCD19,OUT018,658.8949695175459
FDI44,OUT046,1244.9222960775453
DRD49,OUT027,5916.570615930445
FDN08,OUT035,1720.40065447237
FDO20,OUT027,6038.808898595384
FDY02,OUT046,4022.3337493742824
FDX23,OUT045,1479.5708363306635
FDX01,OUT017,1841.442050289852
FDH20,OUT027,2553.613818644565
NCX41,OUT017,3548.11496192539
FDD21,OUT027,3054.104084469368
DRH11,OUT019,75.10647083374228
DRE60,OUT018,3375.508938439311
FDB10,OUT013,3206.5967249778228
FDH38,OUT013,1879.121975816719
NCL07,OUT018,422.0783391178735
FDD48,OUT046,1866.9695109605848
NCT54,OUT027,2527.268783892072
FDF32,OUT027,5344.021797451977
DRH51,OUT045,1303.2144267249996
DRG03,OUT035,2514.773894089982
NCY42,OUT019,381.2364866836026
FDH32,OUT017,1545.0051905515163
NCJ06,OUT027,3153.7320142059098
FDH47,OUT027,2538.629892121346
FDZ08,OUT018,984.405772468469
FDK16,OUT017,1846.9379955018153
DRG01,OUT018,926.3118566000413
NCM53,OUT027,2629.9518940650532
NCB07,OUT035,3149.7868658439497
NCZ06,OUT035,3978.214872731522
FDU48,OUT049,2079.273836653891
NCB55,OUT027,1821.099091797
FDP15,OUT013,4250.101383295282
FDF17,OUT046,3457.852189779337
NCN06,OUT049,2752.6561786023412
DRM48,OUT018,432.4780325078446
FDH10,OUT046,2711.888232190855
FDC60,OUT018,1125.4754243302573
FDE35,OUT018,756.798069162577
DRI23,OUT013,2613.919885203939
NCR38,OUT013,4210.668434183142
FDP04,OUT035,1074.927566182165
NCW17,OUT045,2098.976270796768
FDX34,OUT017,2135.8185192335873
NCK53,OUT045,1479.5708363306635
NCO54,OUT010,110.11323478187948
NCH55,OUT046,2245.1835057331473
FDT44,OUT027,3016.867855791526
DRG49,OUT046,3898.9035420045207
FDX46,OUT010,81.7958394161444
DRG36,OUT049,2898.177102843867
FDU37,OUT049,1395.1376873871934
FDK10,OUT049,2787.760594977646
DRF37,OUT027,6033.481259895614
FDC44,OUT035,1974.6323329312602
FDP15,OUT046,4082.894986309553
FDZ27,OUT027,1431.3813779970008
FDY22,OUT019,372.94192874278565
DRG51,OUT035,2723.5206675702275
FDN58,OUT045,3714.8281594441414
FDW01,OUT049,2395.3880403389808
FDX24,OUT018,1275.4968697593017
FDO51,OUT017,727.0255730545277
FDJ52,OUT027,4080.310858929338
NCY06,OUT010,209.60724751371257
FDE20,OUT018,2476.3002638805983
FDT23,OUT010,221.82792749755893
FDQ51,OUT046,805.7396913281939
FDE35,OUT046,965.3003504502652
FDB46,OUT013,3502.1096758450003
NCG19,OUT035,3908.828522607416
NCL06,OUT018,3546.5602632279138
FDT36,OUT019,0.0
FDC56,OUT049,2254.318520112743
FDJ26,OUT049,3523.9652212472006
FDZ59,OUT017,2712.078296551503
FDV11,OUT027,4660.208698942907
FDR13,OUT010,425.1992971858827
FDI15,OUT018,3760.404455417283
FDF47,OUT018,3190.570115123224
NCB54,OUT019,326.6301964879156
NCK19,OUT027,5433.783514983213
FDX16,OUT017,2731.546428030748
FDL50,OUT045,2046.7278989611611
NCE31,OUT035,775.1788022039822
DRJ01,OUT049,2603.408350036217
FDE22,OUT013,2634.6505795091134
FDY20,OUT019,421.78361146468694
NCO14,OUT045,614.1437723016656
NCR50,OUT017,2494.668022261242
DRM47,OUT017,3142.4138093698098
FDO27,OUT010,348.1994810720374
FDJ20,OUT027,3231.170781753348
NCX17,OUT013,3809.0617139259566
FDG59,OUT049,699.9862636416735
FDD52,OUT045,1602.1350161189414
FDO48,OUT017,3745.654214807378
FDC59,OUT019,97.28437228066427
FDS15,OUT018,1396.4196242530438
FDB47,OUT035,3554.8238589627285
FDV14,OUT019,330.5252630287793
FDB27,OUT013,3055.6757562730936
FDA35,OUT035,2190.6690285226505
FDN51,OUT018,3647.6758106230345
FDO39,OUT019,591.334074258865
FDB28,OUT049,3050.9591011868956
DRJ25,OUT046,817.6063815329805
FDH46,OUT027,2651.6251891706743
FDI10,OUT045,2735.8195375582327
FDU21,OUT018,395.8067685230649
FDD09,OUT049,2888.1476116698013
FDD10,OUT046,2739.1299196051564
FDN31,OUT010,337.27378052096424
FDA46,OUT018,2853.2019799372483
FDM56,OUT046,1760.7978402797496
FDF11,OUT010,724.5521835502286
FDS32,OUT018,1835.75609658261
NCM06,OUT013,2344.998393467855
FDZ26,OUT045,3811.5242121486294
FDO01,OUT013,1925.3176329286996
FDJ46,OUT049,2861.6021832543565
FDG26,OUT019,847.1185241843809
FDZ38,OUT035,3051.9614691262304
NCO55,OUT013,1817.1320461992298
FDT60,OUT035,2162.8981726780307
FDW37,OUT049,1567.1060078007401
NCK42,OUT018,3196.528210118712
FDA45,OUT046,2654.034833986834
FDW55,OUT018,4203.232252700953
FDY44,OUT017,3189.162853754975
FDQ31,OUT017,1439.2255936076735
FDM09,OUT049,2800.6965819934217
FDH12,OUT018,1390.9349909766174
NCQ43,OUT035,1693.6284707177006
FDT33,OUT035,2788.079466777961
NCT41,OUT018,2201.630297877304
DRJ25,OUT010,0.0
NCQ41,OUT046,3130.2793002631984
NCN17,OUT049,1757.5491500986177
DRO35,OUT027,3049.8908912185216
FDU27,OUT018,578.1608520418162
FDY43,OUT027,4339.010778615272
FDG46,OUT035,1986.4259510602035
DRL49,OUT018,2181.457086142884
NCB55,OUT049,1042.5074446893118
FDK28,OUT049,5172.540288948065
FDO49,OUT045,764.609072879729
FDT03,OUT013,2911.2623369772505
FDW33,OUT027,2664.076478666203
FDR02,OUT035,1910.4939158292764
FDF50,OUT013,3138.079931485498
FDA40,OUT018,1089.1421037091186
NCT53,OUT018,2412.512239431783
FDY60,OUT035,2221.0511101453335
FDP44,OUT027,2636.6412626474553
NCQ50,OUT045,3444.890305759514
NCC30,OUT017,2828.6128593468457
FDQ60,OUT018,1717.6843128766716
FDG41,OUT046,1661.6771853092293
FDQ03,OUT046,3933.9738119015433
FDM03,OUT045,1612.5531006663632
FDZ51,OUT018,1259.8694392367493
DRF51,OUT035,730.9072231296022
FDF39,OUT017,4496.925526434217
FDW52,OUT035,2733.646862432678
FDY22,OUT049,2516.2836031567645
FDG14,OUT013,2455.9956087625883
FDA57,OUT017,737.3363630367501
FDL45,OUT019,281.167340123355
FDX28,OUT046,1398.7746104395565
NCQ54,OUT013,2863.95658234436
FDH40,OUT045,1217.2112515756166
FDU52,OUT035,2666.974888100438
FDT60,OUT010,273.71491469395374
FDK08,OUT045,1487.7843913191105
FDN04,OUT049,2872.2819935043644
FDE50,OUT013,3107.4765713868505
FDI16,OUT049,991.9877512291657
FDM50,OUT049,1029.737576233219
NCV30,OUT049,892.9028987834376
FDT44,OUT013,1880.6318114136254
FDY60,OUT013,2454.3658897856344
FDT56,OUT017,1068.577021171767
FDV58,OUT018,2600.674834970177
FDU04,OUT013,2002.7293394537128
NCN05,OUT027,5127.414402927448
FDI53,OUT018,2377.96629286483
FDD34,OUT046,2855.5430270450333
FDW47,OUT027,3228.051890867661
FDT51,OUT027,2840.6468635434853
FDO27,OUT013,1486.7181914382256
NCQ18,OUT018,1485.327899124184
NCW05,OUT013,1601.5456018142181
FDI15,OUT010,1120.9076032402957
NCH43,OUT010,7.711803888065979
FDT40,OUT049,2085.9969460379903
NCG19,OUT017,3869.7562581316297
NCM30,OUT035,610.0009571599339
FDB38,OUT017,2691.2694869323545
FDB22,OUT046,2432.6925946800134
FDC58,OUT046,668.7338097924153
NCI29,OUT013,2122.2486671823995
FDA23,OUT010,347.9080755064855
DRG48,OUT013,2479.8223095690405
FDV21,OUT013,2051.5194243805495
NCG18,OUT019,462.4893147258808
FDG40,OUT045,615.7283211882586
FDU24,OUT018,1284.909137462966
FDA22,OUT049,2743.11562811462
FDY35,OUT046,861.9047387455608
FDJ15,OUT045,3074.756488941504
NCW18,OUT018,3622.5063429219945
FDK56,OUT018,3008.320424027038
FDF44,OUT046,2079.7148984233004
FDP51,OUT049,1983.4894567500621
FDU22,OUT027,3016.867855791526
FDM28,OUT017,2815.3681166624233
NCL42,OUT046,4035.8973231212344
FDJ15,OUT019,514.3289382865488
FDI32,OUT018,1634.9535237209632
DRL11,OUT046,2592.4557356321166
DRO59,OUT018,919.9713231259715
FDA07,OUT019,153.13078051779974
NCO53,OUT013,3115.2953737399794
FDO21,OUT045,3642.3209603110545
FDW39,OUT045,2983.081505666929
NCV17,OUT013,2172.4299819506714
FDE22,OUT046,2634.6505795091134
NCB06,OUT018,2255.4759901442644
DRF48,OUT017,3137.4789383577795
FDB05,OUT013,3949.1927685544847
FDP28,OUT027,5938.194725475211
FDP23,OUT046,3561.1997390056067
NCS41,OUT018,2881.2604758664793
FDS40,OUT018,417.94270748177365
FDA16,OUT017,4273.840469547663
FDN20,OUT035,2808.3332027100023
FDF04,OUT027,5931.586262511743
DRG36,OUT018,2501.3363236770383
FDW16,OUT018,1364.5398544249997
FDU09,OUT017,901.4551303124141
FDW01,OUT046,2371.6802175433245
FDB15,OUT045,4427.651110559996
NCJ17,OUT049,1503.5092794272614
NCT18,OUT018,2843.667523571001
FDG16,OUT018,3492.3532654680075
FDP27,OUT017,3082.3247325902153
FDQ44,OUT027,3223.9331968285296
FDL50,OUT027,3260.092021104293
FDW57,OUT027,4875.335554226364
FDS34,OUT013,1887.1889374726743
NCV30,OUT035,886.1332059733894
FDD26,OUT018,2859.5689431342607
FDA03,OUT045,2394.052158433
FDS27,OUT018,2787.7722576921856
FDM12,OUT013,3117.719694975031
NCV42,OUT027,2833.9574949610833
NCS41,OUT046,3162.4250886290065
FDN56,OUT018,2110.4321713030095
DRK59,OUT046,3756.4055244282326
NCG18,OUT046,1758.7993570844383
NCN26,OUT017,1901.1856570544712
FDI60,OUT027,1815.7249495111873
NCI43,OUT049,788.4785630504947
NCL17,OUT049,2262.5225771500805
FDQ19,OUT019,770.0949467074387
FDY43,OUT049,2678.1745166069627
FDR36,OUT049,714.6693681302316
FDJ58,OUT049,2867.2256101154617
DRY23,OUT045,614.7807774529283
FDK26,OUT027,5149.635914375483
DRH03,OUT045,1451.4903753800866
FDC10,OUT010,278.56951635412287
FDD23,OUT013,3128.7718907278677
FDP32,OUT045,2006.4574323904687
FDO31,OUT035,1427.3594330109172
FDQ57,OUT013,2546.237690138161
FDX32,OUT027,3755.6172028210326
FDC39,OUT027,5534.714545806285
FDU55,OUT046,4777.767998110483
FDL45,OUT013,2103.229295316262
DRK37,OUT049,3264.215173629669
FDK22,OUT013,3482.898149469661
DRG37,OUT027,3953.4826637392807
FDK22,OUT017,3527.4102519709427
DRH36,OUT018,918.7696461596133
DRC36,OUT018,2621.21060710145
DRE03,OUT027,1342.411489126241
FDF34,OUT046,3329.758973335852
FDZ22,OUT046,1278.5339483615853
FDC44,OUT010,421.00355311643165
FDN31,OUT027,4928.982761711609
FDO03,OUT017,3908.6470821395264
FDA01,OUT049,984.4458404135223
NCH42,OUT049,3870.8856325263873
FDF46,OUT018,1638.5344903358914
DRL35,OUT046,677.7362429056342
FDW46,OUT049,1053.7940551882555
FDB58,OUT046,2178.5440946261538
FDD47,OUT018,2451.517078685704
NCO17,OUT045,1850.0125586442714
FDJ26,OUT017,3581.603259434458
FDU37,OUT045,1327.7322659167703
